t,epsilon,error_raw,error_norm,stim_current,stim_freq
0,0.05,0.48785787042182543,0.12596436049732973,0.9800058233717397,9.80000582337174
1,0.05,0.5061090353707581,0.13067679102373644,0.9610088638182871,9.610008863818287
2,0.05,0.527040076909949,0.13608116271040724,0.9429590371187504,9.42950903711875
3,0.05,0.5503069345584986,0.14208863952316797,0.9258088350700553,9.258031335070056
4,0.05,0.5755818523278645,0.14861459522966905,0.9095131754748694,9.095124550474871
5,0.05,0.6025483967648512,0.1555773270636165,0.894029265523491,8.940360071773492
6,0.05,0.6309648758167244,0.16291443040533365,0.8793164718243351,8.793330737761837
7,0.05,0.6605591509858444,0.17055563939687238,0.865336222432015,8.653649775072642
8,0.05,0.6911234938072582,0.17844731877921305,0.8520518886637541,8.52094976367235
9,0.05,0.722491298376242,0.1865464510927306,0.8394286819848769,8.394881663243043
10,0.05,0.7545213000709956,0.19481656196891567,0.8274335594886856,8.275113891683944
11,0.05,0.7870916050843336,0.20322617856208594,0.8160351345697066,8.161331450155203
12,0.05,0.8201015140737323,0.21174930041380352,0.8052035929681644,8.053235092774386
13,0.05,0.8534660213980747,0.22036397916190975,0.7949106132727848,7.950540538088695
14,0.05,0.8871129318965388,0.22905157409603527,0.7851292916463725,7.852977720221486
15,0.05,0.9209807848705162,0.2377962161320363,0.7758340705054436,7.760290077651801
16,0.05,0.9550171240613752,0.2465843611221739,0.7557839489896009,7.666849685200994
17,0.05,0.9891768754730546,0.2554043710107085,0.7479501426704513,7.583462592071274
18,0.05,1.0234172003052384,0.2642451848669606,0.7405051427473182,7.504241969678099
19,0.05,1.0577026024001446,0.2730976376224003,0.7334295381441899,7.428979523728431
20,0.05,1.0919961470851969,0.2819521927855755,0.7250148267008399,7.370290614286018
21,0.05,1.1262515652221456,0.2907969037163604,0.7187081238831995,7.301720122089119
22,0.05,1.160446391103351,0.2996259697939851,0.7127140003944422,7.236575398690065
23,0.05,1.1945612572570805,0.3084343903587511,0.7070168617487915,7.174685190129633
24,0.05,1.2285794275557071,0.31721784416108634,0.7016018933619546,7.115886805323753
25,0.05,1.2625273385966689,0.32598315710109804,0.6964550167293775,7.060025683093086
26,0.05,1.296490932726012,0.33475251939711764,0.691562845692205,7.006954978737727
27,0.05,1.3304590667888685,0.3435230538989299,0.686912662862754,6.956535189255999
28,0.05,1.3644295603042969,0.35229419760877667,0.682492385247842,6.908633785321425
29,0.05,1.3983946366124718,0.36106394260172503,0.6782905335876317,6.863124863657535
30,0.05,1.4323457161102808,0.36983007363377696,0.6742962025187182,6.819888816085125
31,0.05,1.4662748727427721,0.3785905442063437,0.6704990319786515,6.7788120148667375
32,0.05,1.5001726098925816,0.3873429023033656,0.6668891797240295,6.739786513467711
33,0.05,1.5339261111902673,0.39605801886350744,0.6634573015525547,6.7027097686090515
34,0.05,1.5674784431639217,0.4047211937275332,0.6601945263845697,6.667484370088241
35,0.05,1.6008157561358498,0.41332885092403865,0.6570924281573643,6.634017779675851
36,0.05,1.633930716441044,0.42187909690886105,0.6541430027171947,6.602222086659757
37,0.05,1.6668505548325567,0.43037896263220565,0.6513386442984267,6.57201377404386
38,0.05,1.6995984334246854,0.4388344285262681,0.6486721257339141,6.543313498992076
39,0.05,1.732167430246274,0.44724370734578106,0.6461365814868512,6.516045886082105
40,0.05,1.7645492923828008,0.45560466819737794,0.6437254902103429,6.490139329575833
41,0.05,1.7967375354687412,0.46391563682507947,0.6414326569926481,6.465525804389864
42,0.05,1.8287230881256975,0.47217427100905496,0.639704463897054,6.430907212556603
43,0.05,1.8604614690927967,0.48036908573713244,0.637608176748297,6.409250787974868
44,0.05,1.8919459546327355,0.48849834494780514,0.6352514431041406,6.378522698430107
45,0.05,1.9231699601042789,0.4965603484940169,0.6333734287923772,6.359481121352045
46,0.05,1.95412269313815,0.5045523097980027,0.6315871754753997,6.341389483407084
47,0.05,1.9847244310201129,0.5124536445434592,0.6298881351102386,6.324200327645338
48,0.05,2.014922224397145,0.5202506812662231,0.6282719916790822,6.307868574587427
49,0.05,2.044709256661362,0.5279416599257067,0.6267346459540033,6.29235139971693
50,0.05,2.0740805505991857,0.5355252954108903,0.6252722050591757,6.277608121133955
51,0.05,2.1030304470009247,0.5430001265201148,0.6238809718139339,6.263600092084975
52,0.05,2.1315526282076265,0.5503645220408525,0.6225574346374769,6.250290598894965
53,0.05,2.159640829526089,0.5576168644362742,0.6212982582223497,6.237644764266963
54,0.05,2.1872949360328557,0.5647571240332712,0.6201002740827316,6.225629454825113
55,0.05,2.214521318839331,0.5717869458457342,0.6189604715300829,6.214213193235345
56,0.05,2.241308224858495,0.5787032952396439,0.6178759914581811,6.203366077078179
57,0.05,2.2676250035523955,0.5854982582801308,0.6168441204602374,6.1930597017992355
58,0.05,2.293512668992108,0.5921824247548105,0.6158622698010414,6.183267072073089
59,0.05,2.3189769980544295,0.5987572862468583,0.6149279773309845,6.173962539489429
60,0.05,2.344028589063555,0.6052255792318145,0.6140389029788783,6.1651217370294
61,0.05,2.3686841418776803,0.6115916155945241,0.6131928224249715,6.156721514772967
62,0.05,2.3929385992332586,0.6178540895551543,0.6123876225966989,6.148739880327294
63,0.05,2.4167868677325095,0.6240116860040531,0.6116212962148893,6.141155941058954
64,0.05,2.4402238341035662,0.6300630847001015,0.6108919365811015,6.133949849182962
65,0.05,2.4632443579522856,0.6360069583992388,0.6101977326052564,6.1271027495770225
66,0.05,2.4858887632868205,0.6418537187156005,0.6095369607606951,6.120596726883872
67,0.05,2.5082078944459405,0.6476164936010065,0.6089079798004625,6.11441475761748
68,0.05,2.530198353394954,0.6532944056866724,0.608309230448406,6.108540669374572
69,0.05,2.5518503490952695,0.658884926937304,0.6077392317673056,6.102959098747163
70,0.05,2.5731581314744094,0.6643865726905721,0.6071965770233505,6.097655450654215
71,0.05,2.5941183229897042,0.6697984708687091,0.6066799299752591,6.09261585992458
72,0.05,2.6147275359408604,0.6751197467712605,0.6061880213842337,6.087827154836088
73,0.05,2.634982335844199,0.6803495136183534,0.6057196456924361,6.0832768224716975
74,0.05,2.6548673312128366,0.6854837973451631,0.6052736584906251,6.078952976430923
75,0.05,2.6743770671236966,0.6905211894966075,0.604848972985452,6.074844325028734
76,0.05,2.693508359617042,0.6954608679778174,0.6044445570055549,6.070940141446672
77,0.05,2.712258010726952,0.7003020070775429,0.6040594302701711,6.067230235489233
78,0.05,2.7306227875417455,0.7050437720615769,0.6036926617973314,6.06370492675544
79,0.05,2.7485994413861197,0.7096853241255634,0.6033433674410511,6.060355019151253
80,0.05,2.766184700542217,0.7142258185155838,0.6030107075527802,6.057171776677472
81,0.05,2.7833752845309108,0.7186644082155699,0.6026938847590165,6.054146900427473
82,0.05,2.800167860930885,0.7230002327980375,0.6023921418537546,6.051272506738788
83,0.05,2.816559113086226,0.7272324359061123,0.6021047597911454,6.0485411064319266
84,0.05,2.832541805273273,0.7313591492839785,0.6018310568634928,6.045945586172235
85,0.05,2.848105737715097,0.7353777393605573,0.6015703878266364,6.043479190669941
86,0.05,2.863247149865292,0.7392872351669418,0.6013221405114072,6.041135503212546
87,0.05,2.877962399008693,0.7430866961581208,0.6010857341510671,6.038908428717149
88,0.05,2.892247945642241,0.7467752084383342,0.6008606178045276,6.036792177642305
89,0.05,2.906097464651166,0.7503511388699708,0.6006462689844038,6.034781250830291
90,0.05,2.919493527054204,0.753809987309419,0.600442192681702,6.032870425435295
91,0.05,2.9324271408475786,0.7571494320312868,0.6002479196316006,6.031054740747513
92,0.05,2.944895767011882,0.7603688174635823,0.6000630047533376,6.029329484813454
93,0.05,2.956897018478018,0.7634675272677152,0.5946557530739405,6.021608810028758
94,0.05,2.9684286511849773,0.7664449820296242,0.5947498736486662,6.020355277755743
95,0.05,2.979488633815773,0.7693006572655186,0.5948390722097565,6.01916420611148
96,0.05,2.990075084604241,0.7720340671054639,0.5949236427675787,6.0180325199742155
97,0.05,3.0001863478519537,0.7746447840499646,0.5950038653396771,6.016957298685981
98,0.05,3.009820953972729,0.7771324286535,0.595080006656331,6.01593576833532
99,0.05,3.018977707162746,0.7794966921608512,0.5951523208270785,6.014965294422117
100,0.05,3.0276556137155217,0.7817373179981074,0.5952210499825178,6.0140433748978035
101,0.05,3.0358365544308827,0.783849627807901,0.5952864267769477,6.013167635446469
102,0.05,3.043556689691908,0.7858429581609957,0.5953486711073734,6.012335819343418
103,0.05,3.050972861822925,0.787757805571398,0.5954079818776638,6.011545772701906
104,0.05,3.0580904266619178,0.7895955529105294,0.5954645473286089,6.010795448611638
105,0.05,3.0649148152781476,0.7913576024744431,0.5955185457026672,6.010082901921544
106,0.05,3.0714515220111758,0.7930453728955138,0.5955701458371712,6.009406284245103
107,0.05,3.0777061254952423,0.7946603045709084,0.5956195076991343,6.008763839186669
108,0.05,3.083701002220426,0.796208175085522,0.5956667822604408,6.008153897173598
109,0.05,3.0894199546045025,0.7976848022416074,0.595712116216852,6.007574875384351
110,0.05,3.0948645654530105,0.7990905947177975,0.5957556494913363,6.00702527070046
111,0.05,3.100039183186604,0.8004266752714774,0.595797515281034,6.006503655429701
112,0.05,3.104948457656101,0.8016942444889655,0.5958378403827731,6.006008673524006
113,0.05,3.109597325258696,0.8028945769425372,0.5958767455065408,6.005539036990712
114,0.05,3.1139906363114065,0.804028924978661,0.5959143453458903,6.005093522255852
115,0.05,3.118352912693215,0.8051552598972141,0.5959507344642688,6.004670952528732
116,0.05,3.1227575506168748,0.8062925325188414,0.5959859979565202,6.004270205117759
117,0.05,3.1272160898892847,0.8074437224088717,0.5960202141832892,6.003890210986466
118,0.05,3.1317418334765166,0.8086122643783753,0.5960534546610933,6.0035299516241105
119,0.05,3.136338661050015,0.8097991601542117,0.5960857874784538,6.00318845959332
120,0.05,3.1410108309291327,0.81100550922971,0.5961172776810908,6.002864816190213
121,0.05,3.1457638453941557,0.8122327322875312,0.5961479885109675,6.002558150094633
122,0.05,3.1506045114049566,0.8134825868771568,0.59617798203372,6.002267635538201
123,0.05,3.1555352711742883,0.8147557035752082,0.5962073200727456,6.001992490902003
124,0.05,3.160557608201103,0.8160524654194679,0.5937871391353765,6.001610554579687
125,0.05,3.1656762324015024,0.8173740885050439,0.5939377812528451,6.00137002592494
126,0.05,3.1708946654978223,0.8187214821367336,0.5940817961394071,6.0011424285778965
127,0.05,3.176219005469503,0.820096220806058,0.5942195316241137,6.000927132440678
128,0.05,3.1816587107350633,0.8215007466661775,0.5943513190700749,6.0007235398458105
129,0.05,3.1872202531274603,0.8229367307371761,0.5944774733202218,6.0005310830571705
130,0.05,3.192909049868019,0.8244055717395855,0.5945982938998691,6.0003492231499695
131,0.05,3.1987326191964005,0.8259092108745393,0.594714068617505,6.0001774514051
132,0.05,3.2047017389351744,0.8274504309638586,0.594825075777444,6.000015289425659
133,0.05,3.210826521380457,0.8290318429911735,0.5949315808923209,5.999862283858125
134,0.05,3.2171177536601068,0.8306562321809206,0.595033837270667,5.99971800508818
135,0.05,3.2235859171781622,0.8323263048199856,0.5951320867616736,5.99958204618831
136,0.05,3.2301946700266493,0.8340326774680783,0.5952265443054566,5.999454005760761
137,0.05,3.2369466308988937,0.8357760262689081,0.5953174136747833,5.999333502057322
138,0.05,3.2438444805025903,0.8375570433782255,0.5954048882312414,5.9992201721946525
139,0.05,3.2508909680490747,0.839376438639345,0.5954891515847777,5.999113671350018
140,0.05,3.2580888957616287,0.8412349355832067,0.595570378177868,5.999013671954845
141,0.05,3.2654411397672765,0.8431332768226152,0.5966748474327789,5.997857661476235
142,0.05,3.2729506279625147,0.845072218337195,0.5966991840759007,5.997822857417185
143,0.05,3.2806208334678937,0.8470526568828165,0.5967235245647947,5.997791014239014
144,0.05,3.2884557535003656,0.8490756245364586,0.5967478858057789,5.997762000996287
145,0.05,3.296459510283331,0.8511421856516266,0.5967722842794595,5.997735693710442
146,0.05,3.3046363567469323,0.8532534383301614,0.5967967360545288,5.997711975013961
147,0.05,3.312990674773375,0.8554105139691836,0.5968212568018496,5.997690733813309
148,0.05,3.3215233262746313,0.8576136351134074,0.5968458613895884,5.997671864550475
149,0.05,3.330235812537998,0.859863189393546,0.5968705639921139,5.997655266994956
150,0.05,3.3391320904090813,0.8621601984627421,0.5979379436860031,5.997598258200189
151,0.05,3.3482161989993298,0.8645057052150869,0.5979107550333539,5.997588053821831
152,0.05,3.357492259197164,0.8669007736593954,0.5978863110825751,5.9975797449316275
153,0.05,3.3669644591591386,0.8693464851730404,0.5978644942687315,5.997573256425331
154,0.05,3.376639317960853,0.8718445229741036,0.5978451930937108,5.997568517142479
155,0.05,3.386522860990142,0.8743964428110343,0.5978283018240798,5.997565459670409
156,0.05,3.39662628788754,0.877005136418584,0.5978137212663258,5.997564021220338
157,0.05,3.406962598218703,0.8796739602701725,0.5964666416415387,5.99921072724669
158,0.05,3.4175381074704116,0.8824045450174745,0.5965231452204399,5.999130026545333
159,0.05,3.428359294826195,0.8851985635784837,0.5965783596043793,5.9990548968630275
160,0.05,3.439420891416209,0.8880546555368564,0.5966323732948875,5.998985083690602
161,0.05,3.4507079070340456,0.8909689504379407,0.5966852709167438,5.998920345792673
162,0.05,3.462221897123206,0.8939418498955216,0.5967371338686893,5.9988604550008215
163,0.05,3.4739674053319383,0.8969745270745325,0.5967880401184823,5.998805195194008
164,0.05,3.4859492003802868,0.9000682132531941,0.5968380643857443,5.998754361707493
165,0.05,3.498172240674584,0.9032241886865165,0.5968872783108712,5.998707760766532
166,0.05,3.5106417319754977,0.9064437974961242,0.5969357506256149,5.998665208958492
167,0.05,3.5233630821776374,0.9097284359944016,0.596983547308586,5.99862653272482
168,0.05,3.5363842826828624,0.9130904955080259,0.597030739782468,5.99859157592789
169,0.05,3.54972583360376,0.9165352691433067,0.5970773989228412,5.9985601932609915
170,0.05,3.563401611481511,0.920066339807771,0.5971235935914139,5.998532248212656
171,0.05,3.5774261999847283,0.9236874729884624,0.5971693906720782,5.998507612562258
172,0.05,3.591814921016045,0.92740262478363,0.5972148551340939,5.998486165929764
173,0.05,3.606595989627606,0.9312190802884117,0.6002749956461401,6.000876344145991
174,0.05,3.621788651292405,0.935141808662567,0.6001692422377795,6.000740523312637
175,0.05,3.637244405574797,0.9391324672584855,0.6000708622836485,6.000613579304763
176,0.05,3.652949430451407,0.9431874872450778,0.5999795136314805,6.000495094801539
177,0.05,3.6689078556291728,0.9473079349080901,0.5998948683194566,6.0003846704310115
178,0.05,3.685120934161166,0.9514941337844344,0.5998166145398287,6.000281926545806
179,0.05,3.7015962224103056,0.9557480349186266,0.5997444557791284,6.000186502184805
180,0.05,3.7183583565149974,0.960075999334251,0.5996781084424531,6.000098052527845
181,0.05,3.7354092090057445,0.9644785105166045,0.5996173031679815,6.000016250049103
182,0.05,3.752750819730409,0.9689560951521404,0.5995617842218852,5.99994078375895
183,0.05,3.770385410928972,0.9735093270207543,0.599511308893921,5.999871358454132
184,0.05,3.7883065949862873,0.9781365568473077,0.5994656478943735,5.999807694976574
185,0.05,3.806508520104547,0.9828362737041033,0.5969324619844373,5.9988642696603085
186,0.05,3.824992959122116,0.9876089353360388,0.5970203974987387,5.998855614790816
187,0.05,3.8437606478826813,0.992454731737137,0.5971063010676754,5.998849757495148
188,0.05,3.8628114623649625,0.9973736308852411,0.5971903005693286,5.9988465841754275
189,0.05,3.8821432038763373,1.0023650650803573,0.5972725181622434,5.998845987588036
190,0.05,3.901758424310966,1.007429693218724,0.5973530704361093,5.998847866390612
191,0.05,3.9216657253532747,1.012569736245711,0.5974320687551002,5.998852124911877
192,0.05,3.9418731399207494,1.0177872682516933,0.5975096195044454,5.998858672853382
193,0.05,3.9623748205459304,1.023080779427066,0.5975858239219413,5.998867424603431
194,0.05,3.9831671093632828,1.0284493253150087,0.5976607784296691,5.998878299077084
195,0.05,4.004253036783103,1.0338936883640955,0.5977345751162455,5.99889121973129
196,0.05,4.025635813719833,1.0394146976288705,0.5978073019669532,5.998906114351245
197,0.05,4.047300992287724,1.0450086226812738,0.5978790422327571,5.998922913997833
198,0.05,4.069250261472698,1.0506758996155956,0.5979498754661335,5.998941553642955
199,0.05,4.091485745035486,1.056417076784499,0.5980198777453282,5.998961972013308
0,0.1,0.48785787042182543,0.12596436049732973,0.9800058233717397,9.80000582337174
1,0.1,0.5061090353707581,0.13067679102373644,0.9610088638182871,9.610008863818287
2,0.1,0.527040076909949,0.13608116271040724,0.9429590371187504,9.42950903711875
3,0.1,0.5503069345584986,0.14208863952316797,0.9258088350700553,9.258031335070056
4,0.1,0.5755818523278645,0.14861459522966905,0.9095131754748694,9.095124550474871
5,0.1,0.6025483967648512,0.1555773270636165,0.894029265523491,8.940360071773492
6,0.1,0.6309648758167244,0.16291443040533365,0.8793164718243351,8.793330737761837
7,0.1,0.6605591509858444,0.17055563939687238,0.865336222432015,8.653649775072642
8,0.1,0.6911234938072582,0.17844731877921305,0.8520518886637541,8.52094976367235
9,0.1,0.722491298376242,0.1865464510927306,0.8394286819848769,8.394881663243043
10,0.1,0.7545213000709956,0.19481656196891567,0.8274335594886856,8.275113891683944
11,0.1,0.7870916050843336,0.20322617856208594,0.8160351345697066,8.161331450155203
12,0.1,0.8201015140737323,0.21174930041380352,0.8052035929681644,8.053235092774386
13,0.1,0.8534660213980747,0.22036397916190975,0.7949106132727848,7.950540538088695
14,0.1,0.8871129318965388,0.22905157409603527,0.7851292916463725,7.852977720221486
15,0.1,0.9209807848705162,0.2377962161320363,0.7758340705054436,7.760290077651801
16,0.1,0.9550171240613752,0.2465843611221739,0.767000670900057,7.672233877689096
17,0.1,0.9891768754730546,0.2554043710107085,0.7586060284853846,7.588577574934971
18,0.1,1.0234172003052384,0.2642451848669606,0.7506282342715047,7.509101203398611
19,0.1,1.0577026024001446,0.2730976376224003,0.7285654035931839,7.441960456960766
20,0.1,1.0919961470851969,0.2819521927855755,0.7220839619844743,7.3698092626836775
21,0.1,1.1262515652221456,0.2907969037163604,0.7159238024026522,7.3012628380668945
22,0.1,1.160446391103351,0.2996259697939851,0.7100688949879223,7.236140978868952
23,0.1,1.1945612572570805,0.3084343903587511,0.7045040116125976,7.1742724912995754
24,0.1,1.2285794275557071,0.31721784416108634,0.6992146857325703,7.1154947414351986
25,0.1,1.2625273385966689,0.32598315710109804,0.6941871694814625,7.059653222398959
26,0.1,1.296490932726012,0.33475251939711764,0.6894083908066859,7.006601141078306
27,0.1,1.3304590667888685,0.3435230538989299,0.6848659307215108,6.9561990434795495
28,0.1,1.3644295603042969,0.35229419760877667,0.6805479897136609,6.908314446833797
29,0.1,1.3983946366124718,0.36106394260172503,0.6764433578301596,6.862821492094289
30,0.1,1.4323457161102808,0.36983007363377696,0.6725413855491197,6.819600613100042
31,0.1,1.4662748727427721,0.3785905442063437,0.6688319558575327,6.7785382220309085
32,0.1,1.5001726098925816,0.3873429023033656,0.6653054574089667,6.739526410273673
33,0.1,1.5339261111902673,0.39605801886350744,0.661952765353245,6.7024626705747155
34,0.1,1.5674784431639217,0.4047211937275332,0.6587652169952255,6.667249626955622
35,0.1,1.6008157561358498,0.41332885092403865,0.6557345842374874,6.633794773699863
36,0.1,1.633930716441044,0.42187909690886105,0.6528530509933117,6.602010230982568
37,0.1,1.6668505548325567,0.43037896263220565,0.6501131901607379,6.571812511150531
38,0.1,1.6995984334246854,0.4388344285262681,0.6475079443031098,6.543122299243413
39,0.1,1.732167430246274,0.44724370734578106,0.645030609127587,6.5158642463208745
40,0.1,1.7645492923828008,0.45560466819737794,0.6426748164690419,6.489966771802665
41,0.1,1.7967375354687412,0.46391563682507947,0.6404345169384121,6.465361874505354
42,0.1,1.8287230881256975,0.47217427100905496,0.6383039641660972,6.441984953854692
43,0.1,1.8604614690927967,0.48036908573713244,0.636277702003888,6.419774642208052
44,0.1,1.8919459546327355,0.48849834494780514,0.6343505476899094,6.398672640883865
45,0.1,1.9231699601042789,0.4965603484940169,0.6325175781488576,6.378623566683115
46,0.1,1.95412269313815,0.5045523097980027,0.630774117364056,6.3595748064716
47,0.1,1.9847244310201129,0.5124536445434592,0.629115729904462,6.341476384556628
48,0.1,2.014922224397145,0.5202506812662231,0.6275382067335944,6.324280828653152
49,0.1,2.044709256661362,0.5279416599257067,0.6260375502557899,6.307943041079369
50,0.1,2.0740805505991857,0.5355252954108903,0.6246099641458729,6.292420180428272
51,0.1,2.1030304470009247,0.5430001265201148,0.6232518429462962,6.277671548414576
52,0.1,2.1315526282076265,0.5503645220408525,0.6219597622132211,6.263658482408086
53,0.1,2.159640829526089,0.5576168644362742,0.6207304694193067,6.250344253604428
54,0.1,2.1872949360328557,0.5647571240332712,0.6195608747198407,6.237693969695705
55,0.1,2.214521318839331,0.5717869458457342,0.6184480421353366,6.2256744823624075
56,0.1,2.241308224858495,0.5787032952396439,0.617389183533172,6.2142543017488885
57,0.1,2.2676250035523955,0.5854982582801308,0.6163816529314787,6.203403515236409
58,0.1,2.293512668992108,0.5921824247548105,0.6154229256487207,6.193093694838404
59,0.1,2.3189769980544295,0.5987572862468583,0.6145106003862798,6.183297831116478
60,0.1,2.344028589063555,0.6052255792318145,0.6136423948814089,6.173990264075098
61,0.1,2.3686841418776803,0.6115916155945241,0.6128161397323756,6.165146615466379
62,0.1,2.3929385992332586,0.6178540895551543,0.6120297740387327,6.156743725986035
63,0.1,2.4167868677325095,0.6240116860040531,0.6112813400848214,6.148759594434758
64,0.1,2.4402238341035662,0.6300630847001015,0.610568978257537,6.141173319889976
65,0.1,2.4632443579522856,0.6360069583992388,0.6057782969683857,6.142059247945913
66,0.1,2.4858887632868205,0.6418537187156005,0.6053384969056679,6.134805400334319
67,0.1,2.5082078944459405,0.6476164936010065,0.6049194391381867,6.127912997395405
68,0.1,2.530198353394954,0.6532944056866724,0.604520116819244,6.1213639971636
69,0.1,2.5518503490952695,0.658884926937304,0.6041395738196017,6.115141260146739
70,0.1,2.5731581314744094,0.6643865726905721,0.6037769019730318,6.109228503983812
71,0.1,2.5941183229897042,0.6697984708687091,0.6034312386774563,6.103610260587697
72,0.1,2.6147275359408604,0.6751197467712605,0.603101764651321,6.09827183546605
73,0.1,2.634982335844199,0.6803495136183534,0.6027877017961691,6.093199269070161
74,0.1,2.6548673312128366,0.6854837973451631,0.6024883117891715,6.088379300699463
75,0.1,2.6743770671236966,0.6905211894966075,0.6022028936190712,6.083799333083848
76,0.1,2.693508359617042,0.6954608679778174,0.601930781607493,6.079447399099029
77,0.1,2.712258010726952,0.7003020070775429,0.6016713436420122,6.075312130258972
78,0.1,2.7306227875417455,0.7050437720615769,0.6014239795005806,6.071382726786692
79,0.1,2.7485994413861197,0.7096853241255634,0.6011881192591378,6.067648929180943
80,0.1,2.766184700542217,0.7142258185155838,0.6009632217799626,6.064100991205677
81,0.1,2.7833752845309108,0.7186644082155699,0.6007487732748398,6.060729654229268
82,0.1,2.800167860930885,0.7230002327980375,0.6005442859437866,6.0575261228504935
83,0.1,2.816559113086226,0.7272324359061123,0.6003492966766759,6.054482041738048
84,0.1,2.832541805273273,0.7313591492839785,0.6001633669047468,6.05158947471305
85,0.1,2.848105737715097,0.7353777393605573,0.5999860823658277,6.048840884783716
86,0.1,2.863247149865292,0.7392872351669418,0.602576754016286,6.0448679675812835
87,0.1,2.877962399008693,0.7430866961581208,0.6022776169807019,6.0424542698674495
88,0.1,2.892247945642241,0.7467752084383342,0.6019929064926807,6.04016072673509
89,0.1,2.906097464651166,0.7503511388699708,0.6017219432381491,6.037981372468438
90,0.1,2.919493527054204,0.753809987309419,0.6051344053153618,6.041577530209594
91,0.1,2.9324271408475786,0.7571494320312868,0.6057481756392643,6.038574116580268
92,0.1,2.944895767011882,0.7603688174635823,0.6052882479606181,6.0364728918545705
93,0.1,2.956897018478018,0.7634675272677152,0.6048510069783409,6.034476418677595
94,0.1,2.9684286511849773,0.7664449820296242,0.6044353648578465,6.032579505972138
95,0.1,2.979488633815773,0.7693006572655186,0.6040402888584778,6.030777222917055
96,0.1,2.990075084604241,0.7720340671054639,0.6036647985838639,6.029064885939512
97,0.1,3.0001863478519537,0.7746447840499646,0.603307963365148,6.027438046353013
98,0.1,3.009820953972729,0.7771324286535,0.6029688997805284,6.025892478618999
99,0.1,3.018977707162746,0.7794966921608512,0.602646769295066,6.0244241691916125
100,0.1,3.0276556137155217,0.7817373179981074,0.602340776027106,6.023029305928825
101,0.1,3.0358365544308827,0.783849627807901,0.6020501665193065,6.021704269925939
102,0.1,3.043556689691908,0.7858429581609957,0.6017742238626144,6.020445622098915
103,0.1,3.050972861822925,0.787757805571398,0.6015122569951425,6.019250085319627
104,0.1,3.0580904266619178,0.7895955529105294,0.6012636086902138,6.018114545598474
105,0.1,3.0649148152781476,0.7913576024744431,0.6010276539961918,6.017036044059038
106,0.1,3.0714515220111758,0.7930453728955138,0.6008037987160196,6.016011769275723
107,0.1,3.0777061254952423,0.7946603045709084,0.6005914779340403,6.015039049965758
108,0.1,3.083701002220426,0.796208175085522,0.6003901539836015,6.014115347413732
109,0.1,3.0894199546045025,0.7976848022416074,0.6001993193538547,6.013238253112478
110,0.1,3.0948645654530105,0.7990905947177975,0.6000184924714889,6.01240547954218
111,0.1,3.100039183186604,0.8004266752714774,0.599847216112179,6.011614853829336
112,0.1,3.104948457656101,0.8016942444889655,0.5996850561723609,6.010864312003659
113,0.1,3.109597325258696,0.8028945769425372,0.5995316005066492,6.010151893546382
114,0.1,3.1139906363114065,0.804028924978661,0.5993864575959933,6.00947573598374
115,0.1,3.118352912693215,0.8051552598972141,0.5992492411018667,6.008834055570225
116,0.1,3.1227575506168748,0.8062925325188414,0.5991195792622382,6.008225153007178
117,0.1,3.1272160898892847,0.8074437224088717,0.5989971164237213,6.007647411481414
118,0.1,3.1317418334765166,0.8086122643783753,0.5988815117895038,6.007099292094312
119,0.1,3.136338661050015,0.8097991601542117,0.5987724417504436,6.00657933304001
120,0.1,3.1410108309291327,0.81100550922971,0.5986695992394812,6.006086145964568
121,0.1,3.1457638453941557,0.8122327322875312,0.5985726939914383,6.005618413380271
122,0.1,3.1506045114049566,0.8134825868771568,0.5965082905344,6.00621605636993
123,0.1,3.1555352711742883,0.8147557035752082,0.5965211131483916,6.005743490692145
124,0.1,3.160557608201103,0.8160524654194679,0.5965341675936887,6.005295426260254
125,0.1,3.1656762324015024,0.8173740885050439,0.5948132739020283,6.002434729522913
126,0.1,3.1708946654978223,0.8187214821367336,0.5949135141561311,6.002153896995972
127,0.1,3.176219005469503,0.820096220806058,0.5950096637400015,6.001888027437849
128,0.1,3.1816587107350633,0.8215007466661775,0.5923652372385141,6.000371283436284
129,0.1,3.1872202531274603,0.8229367307371761,0.5925906955802391,6.00019643946812
130,0.1,3.192909049868019,0.8244055717395855,0.5928058550468855,6.000031311740372
131,0.1,3.1987326191964005,0.8259092108745393,0.5930112517071706,5.999875435565983
132,0.1,3.2047017389351744,0.8274504309638586,0.5932073997126264,5.999728374378498
133,0.1,3.210826521380457,0.8290318429911735,0.5933947886307441,5.999589714563323
134,0.1,3.2171177536601068,0.8306562321809206,0.5935738846221691,5.999459064258118
135,0.1,3.2235859171781622,0.8323263048199856,0.5937451317456005,5.999336052399751
136,0.1,3.2301946700266493,0.8340326774680783,0.5945879574491298,6.002725165821625
137,0.1,3.2369466308988937,0.8357760262689081,0.5947107561612729,6.002441104115142
138,0.1,3.2438444805025903,0.8375570433782255,0.5948285635934064,6.002172394149582
139,0.1,3.2508909680490747,0.839376438639345,0.5957669658666954,6.005566301899204
140,0.1,3.2580888957616287,0.8412349355832067,0.5958343017456899,6.005143670976572
141,0.1,3.2654411397672765,0.8431332768226152,0.5958994612038628,6.004743361973201
142,0.1,3.2729506279625147,0.845072218337195,0.5959625671584304,6.004364272889301
143,0.1,3.2806208334678937,0.8470526568828165,0.5960237384931979,6.004005358937525
144,0.1,3.2884557535003656,0.8490756245364586,0.596083089037762,6.003665628459873
145,0.1,3.296459510283331,0.8511421856516266,0.5961407273498435,6.0033441398008485
146,0.1,3.3046363567469323,0.8532534383301614,0.5961967569713935,6.0030399987998475
147,0.1,3.312990674773375,0.8554105139691836,0.5962512766728711,6.002752356409902
148,0.1,3.3215233262746313,0.8576136351134074,0.5963043802670589,6.002480406017238
149,0.1,3.330235812537998,0.859863189393546,0.5963561569257109,6.00222338138838
150,0.1,3.3391320904090813,0.8621601984627421,0.5964066916780514,6.001980554917586
151,0.1,3.3482161989993298,0.8645057052150869,0.5964560656257998,6.001751235703358
152,0.1,3.357492259197164,0.8669007736593954,0.5951927830641611,6.0040500134857755
153,0.1,3.3669644591591386,0.8693464851730404,0.5953056426512382,6.0037200115517715
154,0.1,3.376639317960853,0.8718445229741036,0.5954142840570922,6.003407934512598
155,0.1,3.386522860990142,0.8743964428110343,0.5955189382392921,6.0031129061720225
156,0.1,3.39662628788754,0.877005136418584,0.5956198258607776,6.002834095396871
157,0.1,3.406962598218703,0.8796739602701725,0.5967650826655417,6.002456242138899
158,0.1,3.4175381074704116,0.8824045450174745,0.5968066641932428,6.002213265692932
159,0.1,3.428359294826195,0.8851985635784837,0.596847702628542,6.001983974053246
160,0.1,3.439420891416209,0.8880546555368564,0.5998420272175692,6.003331334102481
161,0.1,3.4507079070340456,0.8909689504379407,0.5997344421432915,6.003049283683957
162,0.1,3.462221897123206,0.8939418498955216,0.5996338465339096,6.0027829459975415
163,0.1,3.4739674053319383,0.8969745270745325,0.5995399171504416,6.002531561640891
164,0.1,3.4859492003802868,0.9000682132531941,0.5994523475661057,6.002294409832032
165,0.1,3.498172240674584,0.9032241886865165,0.5993708473322145,6.002070806484844
166,0.1,3.5106417319754977,0.9064437974961242,0.599295141195891,6.001860102390889
167,0.1,3.5233630821776374,0.9097284359944016,0.6006111273317842,5.999268055406856
168,0.1,3.5363842826828624,0.9130904955080259,0.6004769408045063,5.999201022475824
169,0.1,3.54972583360376,0.9165352691433067,0.6003512898937775,5.999139167481529
170,0.1,3.563401611481511,0.920066339807771,0.6002337900138034,5.999082273722166
171,0.1,3.5774261999847283,0.9236874729884624,0.6001240772733482,5.999030136796293
172,0.1,3.591814921016045,0.92740262478363,0.6000218074053003,5.998982563952097
173,0.1,3.606595989627606,0.9312190802884117,0.5999266569923853,5.998939375711842
174,0.1,3.621788651292405,0.935141808662567,0.5998383205167125,5.998900403300196
175,0.1,3.637244405574797,0.9391324672584855,0.602254871951379,6.001065705077961
176,0.1,3.652949430451407,0.9431874872450778,0.6020543228158244,6.000924614286077
177,0.1,3.6689078556291728,0.9473079349080901,0.6018659370445832,6.000792713941323
178,0.1,3.685120934161166,0.9514941337844344,0.6016891298286989,6.0006695678806015
179,0.1,3.7015962224103056,0.9557480349186266,0.6015233453035551,6.000554761452862
180,0.1,3.7183583565149974,0.960075999334251,0.6013680534906585,6.000447898832499
181,0.1,3.7354092090057445,0.9644785105166045,0.6012227509637766,6.000348604038525
182,0.1,3.752750819730409,0.9689560951521404,0.6010869596278906,6.000256520048901
183,0.1,3.770385410928972,0.9735093270207543,0.6004282338286374,5.997921852592066
184,0.1,3.7883065949862873,0.9781365568473077,0.6003367265823542,5.997955664407612
185,0.1,3.806508520104547,0.9828362737041033,0.600252109439793,5.997990100373787
186,0.1,3.824992959122116,0.9876089353360388,0.6001740625813266,5.998025153968621
187,0.1,3.8437606478826813,0.992454731737137,0.5988920185135375,5.996793910122497
188,0.1,3.8628114623649625,0.9973736308852411,0.5988867321428977,5.996893529171408
189,0.1,3.8821432038763373,1.0023650650803573,0.598884128157134,5.996990585334219
190,0.1,3.901758424310966,1.007429693218724,0.5986437218622971,5.999324495879185
191,0.1,3.9216657253532747,1.012569736245711,0.5986581876099786,5.999304922926021
192,0.1,3.9418731399207494,1.0177872682516933,0.5986744324165798,5.99928883096682
193,0.1,3.9623748205459304,1.023080779427066,0.598692396188469,5.999276074811197
194,0.1,3.9831671093632828,1.0284493253150087,0.5987120220828704,5.999266516774462
195,0.1,4.004253036783103,1.0338936883640955,0.5987332565867867,5.999260026543798
196,0.1,4.025635813719833,1.0394146976288705,0.5987560493639673,5.999256480823128
197,0.1,4.047300992287724,1.0450086226812738,0.5987803522599205,5.999255762146123
198,0.1,4.069250261472698,1.0506758996155956,0.5988061199919388,5.9992577593838305
199,0.1,4.091485745035486,1.056417076784499,0.5988333100448431,5.99926236746714
0,0.2,0.48785787042182543,0.12596436049732973,0.9800058233717397,9.80000582337174
1,0.2,0.5061090353707581,0.13067679102373644,0.9765062266228974,9.607464059674102
2,0.2,0.527040076909949,0.13608116271040724,0.9576815317831302,9.427091473181774
3,0.2,0.5503069345584986,0.14208863952316797,0.9397952050012162,9.255734649329929
4,0.2,0.5755818523278645,0.14861459522966905,0.9228002269094723,9.09294269902175
5,0.2,0.6025483967648512,0.1555773270636165,0.9066519643863638,8.938287312893028
6,0.2,0.6309648758167244,0.16291443040533365,0.8913080357440641,8.791361616825395
7,0.2,0.6605591509858444,0.17055563939687238,0.8767282081557576,8.651779110183023
8,0.2,0.6911234938072582,0.17844731877921305,0.8628742751013095,8.519172632027212
9,0.2,0.722491298376242,0.1865464510927306,0.8497099491005545,8.393193388180162
10,0.2,0.7545213000709956,0.19481656196891567,0.8372007632485794,8.273510030374208
11,0.2,0.7870916050843336,0.20322617856208594,0.8253139781416057,8.159807781910953
12,0.2,0.8201015140737323,0.21174930041380352,0.8140184943614686,8.051787607942348
13,0.2,0.8534660213980747,0.22036397916190975,0.8198268625668875,7.961947960541386
14,0.2,0.8871129318965388,0.22905157409603527,0.80879972847577,7.863814771551543
15,0.2,0.9209807848705162,0.2377962161320363,0.7983209854933713,7.770585276415355
16,0.2,0.9550171240613752,0.2465843611221739,0.7883632401385883,7.682014316514473
17,0.2,0.9891768754730546,0.2554043710107085,0.7789004692619893,7.597868991819079
18,0.2,1.0234172003052384,0.2642451848669606,0.7765244176359639,7.52986767100095
19,0.2,1.0577026024001446,0.2730976376224003,0.7676478492884033,7.45332393998514
20,0.2,1.0919961470851969,0.2819521927855755,0.7592122853949328,7.380604571556832
21,0.2,1.1262515652221456,0.2907969037163604,0.7365082002312803,7.30327014734326
22,0.2,1.160446391103351,0.2996259697939851,0.729624072925119,7.238047922681499
23,0.2,1.1945612572570805,0.3084343903587511,0.7230814306529344,7.176084087921495
24,0.2,1.2285794275557071,0.31721784416108634,0.7236603582078012,7.109851750918538
25,0.2,1.2625273385966689,0.32598315710109804,0.7174105583329318,7.054292381408131
26,0.2,1.296490932726012,0.33475251939711764,0.7032832575724267,6.997135582747367
27,0.2,1.3304590667888685,0.3435230538989299,0.6980470541489646,6.947206763065157
28,0.2,1.3644295603042969,0.35229419760877667,0.6930700569697421,6.899771780440124
29,0.2,1.3983946366124718,0.36106394260172503,0.6885121089385151,6.8681578586242376
30,0.2,1.4323457161102808,0.36983007363377696,0.6840066991020575,6.8246701613034935
31,0.2,1.4662748727427721,0.3785905442063437,0.6913456861547701,6.784593500334257
32,0.2,1.5001726098925816,0.3873429023033656,0.6866935011913422,6.7452789246618545
33,0.2,1.5339261111902673,0.39605801886350744,0.6822714069465017,6.707927559243488
34,0.2,1.5674784431639217,0.4047211937275332,0.6780679265088194,6.672441271190955
35,0.2,1.6008157561358498,0.41332885092403865,0.6740721582754016,6.63872683572343
36,0.2,1.633930716441044,0.42187909690886105,0.6699723950813162,6.614091423276422
37,0.2,1.6668505548325567,0.43037896263220565,0.6663765670443421,6.583289643829692
38,0.2,1.6995984334246854,0.4388344285262681,0.6547960774038203,6.552462691929044
39,0.2,1.732167430246274,0.44724370734578106,0.6519543355732621,6.524737619372225
40,0.2,1.7645492923828008,0.45560466819737794,0.6492523565924333,6.498396476201448
41,0.2,1.7967375354687412,0.46391563682507947,0.646683180055634,6.473370093684197
42,0.2,1.8287230881256975,0.47217427100905496,0.6478659005101798,6.440097411209142
43,0.2,1.8604614690927967,0.48036908573713244,0.6453615415307664,6.41798147669478
44,0.2,1.8919459546327355,0.48849834494780514,0.6429801952404439,6.396969133646256
45,0.2,1.9231699601042789,0.4965603484940169,0.6407157433218654,6.3770052348073865
46,0.2,1.95412269313815,0.5045523097980027,0.6385623742784134,6.358037391189659
47,0.2,1.9847244310201129,0.5124536445434592,0.6365145739731016,6.3400158400387845
48,0.2,2.014922224397145,0.5202506812662231,0.634567108598802,6.3228933113612005
49,0.2,2.044709256661362,0.5279416599257067,0.6344651979503038,6.312812513619744
50,0.2,2.0740805505991857,0.5355252954108903,0.6326162294556611,6.297046179341629
51,0.2,2.1030304470009247,0.5430001265201148,0.630857794990595,6.282066247382264
52,0.2,2.1315526282076265,0.5503645220408525,0.629185416655305,6.267833446427391
53,0.2,2.159640829526089,0.5576168644362742,0.6275948411392864,6.254310469422767
54,0.2,2.1872949360328557,0.5647571240332712,0.6260820278538214,6.241461874723127
55,0.2,2.214521318839331,0.5717869458457342,0.6246431376126182,6.229253992138458
56,0.2,2.241308224858495,0.5787032952396439,0.6232745242365896,6.217654836036137
57,0.2,2.2676250035523955,0.5854982582801308,0.6219727265997255,6.206634022809295
58,0.2,2.293512668992108,0.5921824247548105,0.6207344456335551,6.196162677032645
59,0.2,2.3189769980544295,0.5987572862468583,0.6195565443718725,6.1862133642010075
60,0.2,2.344028589063555,0.6052255792318145,0.6133705017281681,6.176898983478294
61,0.2,2.3686841418776803,0.6115916155945241,0.6125578412367968,6.167909898899416
62,0.2,2.3929385992332586,0.6178540895551543,0.6054371556728275,6.166623234112161
63,0.2,2.4167868677325095,0.6240116860040531,0.6066205795821801,6.154156705863352
64,0.2,2.4402238341035662,0.6300630847001015,0.6061412557800278,6.146300575747141
65,0.2,2.4632443579522856,0.6360069583992388,0.6056845858442363,6.138835939812993
66,0.2,2.4858887632868205,0.6418537187156005,0.605249471337726,6.131743257608044
67,0.2,2.5082078944459405,0.6476164936010065,0.6048348648486419,6.125003961805444
68,0.2,2.530198353394954,0.6532944056866724,0.6044397712441765,6.118600413353137
69,0.2,2.5518503490952695,0.658884926937304,0.6040632455232875,6.1125158555268
70,0.2,2.5731581314744094,0.6643865726905721,0.6037043900915333,6.10673436959487
71,0.2,2.5941183229897042,0.6697984708687091,0.6033623523900328,6.101240832918202
72,0.2,2.6147275359408604,0.6751197467712605,0.6030363226782687,6.096020879180029
73,0.2,2.634982335844199,0.6803495136183534,0.6027255319217694,6.091060860598442
74,0.2,2.6548673312128366,0.6854837973451631,0.6024292504084917,6.08634781265133
75,0.2,2.6743770671236966,0.6905211894966075,0.6021467853074254,6.081869419438121
76,0.2,2.693508359617042,0.6954608679778174,0.6018774787114295,6.077613981135589
77,0.2,2.712258010726952,0.7003020070775429,0.6016207058907519,6.073570383193704
78,0.2,2.7306227875417455,0.7050437720615769,0.6013758736368833,6.069728067074687
79,0.2,2.7485994413861197,0.7096853241255634,0.6011424186886254,6.066077002454538
80,0.2,2.766184700542217,0.7142258185155838,0.6009198062379758,6.062607660815592
81,0.2,2.7833752845309108,0.7186644082155699,0.6007075285099523,6.0593109903586875
82,0.2,2.800167860930885,0.7230002327980375,0.6005051034171436,6.056178392173441
83,0.2,2.816559113086226,0.7272324359061123,0.600312073276365,6.053201697594848
84,0.2,2.832541805273273,0.7313591492839785,0.6001280046744515,6.050373147777011
85,0.2,2.848105737715097,0.7353777393605573,0.5999524882470472,6.047685374194478
86,0.2,2.863247149865292,0.7392872351669418,0.5997851359107974,6.045131377560856
87,0.2,2.877962399008693,0.7430866961581208,0.5996255797804878,6.042704509348043
88,0.2,2.892247945642241,0.7467752084383342,0.5994734711524773,6.040398454241655
89,0.2,2.906097464651166,0.7503511388699708,0.599328479664956,6.038207213599675
90,0.2,2.919493527054204,0.753809987309419,0.5991902928282266,6.036125090066209
91,0.2,2.9324271408475786,0.7571494320312868,0.5990586147707989,6.034146672146882
92,0.2,2.944895767011882,0.7603688174635823,0.5989331651355759,6.032266819642854
93,0.2,2.956897018478018,0.7634675272677152,0.5988136782945509,6.0304806500764645
94,0.2,2.9684286511849773,0.7664449820296242,0.598699902608246,6.028783525801064
95,0.2,2.979488633815773,0.7693006572655186,0.5921385738052494,6.023198757163228
96,0.2,2.990075084604241,0.7720340671054639,0.5907330681431373,6.022565443131617
97,0.2,3.0001863478519537,0.7746447840499646,0.5878897208360054,6.016923455618047
98,0.2,3.009820953972729,0.7771324286535,0.588321569377843,6.015903617420782
99,0.2,3.018977707162746,0.7794966921608512,0.5865052015772686,6.0137553914597035
100,0.2,3.0276556137155217,0.7817373179981074,0.5870062866951985,6.012893967083511
101,0.2,3.0358365544308827,0.783849627807901,0.5874824016539943,6.01207569802289
102,0.2,3.043556689691908,0.7858429581609957,0.5879348472405678,6.011298478791018
103,0.2,3.050972861822925,0.787757805571398,0.5883648492041983,6.010560299177126
104,0.2,3.0580904266619178,0.7895955529105294,0.5887735712888167,6.009859248763098
105,0.2,3.0649148152781476,0.7913576024744431,0.5891621184648647,6.009193512065431
106,0.2,3.0714515220111758,0.7930453728955138,0.5945190709219123,6.012862282647197
107,0.2,3.0777061254952423,0.7946603045709084,0.6009589648381406,6.007480213005566
108,0.2,3.083701002220426,0.796208175085522,0.6007392665424968,6.00693445230155
109,0.2,3.0894199546045025,0.7976848022416074,0.6005309762848052,6.006416402755906
110,0.2,3.0948645654530105,0.7990905947177975,0.6003335665558919,6.005924721703437
111,0.2,3.100039183186604,0.8004266752714774,0.5951458333785451,6.008831319461272
112,0.2,3.104948457656101,0.8016942444889655,0.5952187425754087,6.008219954353999
113,0.2,3.109597325258696,0.8028945769425372,0.5952886025895446,6.0076397537792054
114,0.2,3.1139906363114065,0.804028924978661,0.595355609574744,6.007089203204922
115,0.2,3.118352912693215,0.8051552598972141,0.5954199354816798,6.006566849430349
116,0.2,3.1227575506168748,0.8062925325188414,0.5954817389230607,6.006071307174295
117,0.2,3.1272160898892847,0.8074437224088717,0.6001210155282403,6.008041617929938
118,0.2,3.1317418334765166,0.8086122643783753,0.5999492159387968,6.007473788220409
119,0.2,3.136338661050015,0.8097991601542117,0.5997867606922721,6.006935104359803
120,0.2,3.1410108309291327,0.81100550922971,0.5996332022342182,6.006424128718372
121,0.2,3.1457638453941557,0.8122327322875312,0.5994881168364385,6.005939496996384
122,0.2,3.1506045114049566,0.8134825868771568,0.5993511039429175,6.005479915094865
123,0.2,3.1555352711742883,0.8147557035752082,0.5992217858864831,6.0050441564808335
124,0.2,3.160557608201103,0.8160524654194679,0.5990998066948756,6.004631058759508
125,0.2,3.1656762324015024,0.8173740885050439,0.5989848154343692,6.00423950489577
126,0.2,3.1708946654978223,0.8187214821367336,0.5949148872897083,6.007924814554823
127,0.2,3.176219005469503,0.820096220806058,0.5950109682168998,6.007370399118758
128,0.2,3.1816587107350633,0.8215007466661775,0.5937858525008914,6.007439129731788
129,0.2,3.1872202531274603,0.8229367307371761,0.5939402800794976,6.006910893448849
130,0.2,3.192909049868019,0.8244055717395855,0.594087960321181,6.006410043022064
131,0.2,3.1987326191964005,0.8259092108745393,0.5942292517177514,6.0059352302835896
132,0.2,3.2047017389351744,0.8274504309638586,0.5943644997226781,6.005485179360225
133,0.2,3.210826521380457,0.8290318429911735,0.5944940336402933,6.005058679295963
134,0.2,3.2171177536601068,0.8306562321809206,0.5946181673812408,6.004654580754126
135,0.2,3.2235859171781622,0.8323263048199856,0.5903669351982972,6.00270510037721
136,0.2,3.2301946700266493,0.8340326774680783,0.5906996503202491,6.002420907240216
137,0.2,3.2369466308988937,0.8357760262689081,0.5885197007816705,5.998810168626636
138,0.2,3.2438444805025903,0.8375570433782255,0.5889470609827842,5.998723005435501
139,0.2,3.2508909680490747,0.839376438639345,0.5893542156987432,5.998641362928823
140,0.2,3.2580888957616287,0.8412349355832067,0.5897421890861353,5.99856497895471
141,0.2,3.2654411397672765,0.8431332768226152,0.5884770568961598,5.994073227407006
142,0.2,3.2729506279625147,0.845072218337195,0.5889112830661126,5.994227645051416
143,0.2,3.2806208334678937,0.8470526568828165,0.589325018605496,5.994375562491534
144,0.2,3.2884557535003656,0.8490756245364586,0.5893352787464051,5.993477203256842
145,0.2,3.296459510283331,0.8511421856516266,0.586609146130752,5.996349031829822
146,0.2,3.3046363567469323,0.8532534383301614,0.5871417548132567,5.9963946462273725
147,0.2,3.312990674773375,0.8554105139691836,0.5876490246226411,5.99643927146605
148,0.2,3.3215233262746313,0.8576136351134074,0.5881322408193403,5.996482975320578
149,0.2,3.330235812537998,0.859863189393546,0.5885926244503782,5.996525822226554
150,0.2,3.3391320904090813,0.8621601984627421,0.5890313358264854,5.996567873713851
151,0.2,3.3482161989993298,0.8645057052150869,0.5894494775668121,5.99660918855981
152,0.2,3.357492259197164,0.8669007736593954,0.592168720468933,5.9986750400218405
153,0.2,3.3669644591591386,0.8693464851730404,0.5924327831857715,5.998613786761033
154,0.2,3.376639317960853,0.8718445229741036,0.5959362527258906,5.997795749748448
155,0.2,3.386522860990142,0.8743964428110343,0.5960148084746506,5.99778133064608
156,0.2,3.39662628788754,0.877005136418584,0.5960909025843681,5.997769098647225
157,0.2,3.406962598218703,0.8796739602701725,0.5953998975255727,5.9995438382930715
158,0.2,3.4175381074704116,0.8824045450174745,0.5955097383102721,5.999446482039396
159,0.2,3.428359294826195,0.8851985635784837,0.5956156230397199,5.999355529582387
160,0.2,3.439420891416209,0.8880546555368564,0.5957177735584611,5.999270684773994
161,0.2,3.4507079070340456,0.8909689504379407,0.5958164011671389,5.999191666821895
162,0.2,3.462221897123206,0.8939418498955216,0.5959117076065645,5.999118209978582
163,0.2,3.4739674053319383,0.8969745270745325,0.5960038851694638,5.99905006242288
164,0.2,3.4859492003802868,0.9000682132531941,0.5960931171841767,5.998986985574922
165,0.2,3.498172240674584,0.9032241886865165,0.596179578469382,5.998928753440589
166,0.2,3.5106417319754977,0.9064437974961242,0.5978777372079542,5.997558125978716
167,0.2,3.5233630821776374,0.9097284359944016,0.5964943825929712,5.995788814690517
168,0.2,3.5363842826828624,0.9130904955080259,0.5935335670576902,5.99869421111859
169,0.2,3.54972583360376,0.9165352691433067,0.5937550848343023,5.998657696692156
170,0.2,3.563401611481511,0.920066339807771,0.593967395207302,5.998624876472262
171,0.2,3.5774261999847283,0.9236874729884624,0.5941710022071719,5.998595609408884
172,0.2,3.591814921016045,0.92740262478363,0.5943663860924329,5.998569762934059
173,0.2,3.606595989627606,0.9312190802884117,0.5945540067451613,5.998547214744706
174,0.2,3.621788651292405,0.935141808662567,0.5947343027818497,5.998527850381416
175,0.2,3.637244405574797,0.9391324672584855,0.5949076698005151,5.998511540020102
176,0.2,3.652949430451407,0.9431874872450778,0.5950744807725038,5.998498157481111
177,0.2,3.6689078556291728,0.9473079349080901,0.5952350871034287,5.998487579976605
178,0.2,3.685120934161166,0.9514941337844344,0.5954795916974296,5.999518037964296
179,0.2,3.7015962224103056,0.9557480349186266,0.5956242840788492,5.999460808032372
180,0.2,3.7183583565149974,0.960075999334251,0.598886012438226,6.001837186643769
181,0.2,3.7354092090057445,0.9644785105166045,0.5988648119639658,6.001668427459231
182,0.2,3.752750819730409,0.9689560951521404,0.5988469175780703,6.001510352298571
183,0.2,3.770385410928972,0.9735093270207543,0.5988321855822969,6.001362448566772
184,0.2,3.7883065949862873,0.9781365568473077,0.5988204807483306,6.001224230583581
185,0.2,3.806508520104547,0.9828362737041033,0.5988116758974706,6.001095238240958
186,0.2,3.824992959122116,0.9876089353360388,0.5988056507161204,6.000975034942433
187,0.2,3.8437606478826813,0.992454731737137,0.5991503724378228,6.001862381474671
188,0.2,3.8628114623649625,0.9973736308852411,0.598080036343523,6.000710240729624
189,0.2,3.8821432038763373,1.0023650650803573,0.5962405882321212,5.999489711329937
190,0.2,3.901758424310966,1.007429693218724,0.5963727370024933,5.999459403945418
191,0.2,3.9216657253532747,1.012569736245711,0.596500751993165,5.999433085588943
192,0.2,3.9418731399207494,1.0177872682516933,0.5966248685806069,5.999410585496595
193,0.2,3.9623748205459304,1.023080779427066,0.5967453105442948,5.999391741614484
194,0.2,3.9831671093632828,1.0284493253150087,0.5984628603366672,5.997954079532294
195,0.2,4.004253036783103,1.0338936883640955,0.5989156284256892,6.000648801164465
196,0.2,4.025635813719833,1.0394146976288705,0.5989293026109247,6.000575816712762
197,0.2,4.047300992287724,1.0450086226812738,0.59894494284453,6.000509131241275
198,0.2,4.069250261472698,1.0506758996155956,0.5989624810473178,6.0004484600242245
199,0.2,4.091485745035486,1.056417076784499,0.5989818530474531,6.000393533075514
0,0.3,0.48785787042182543,0.12596436049732973,0.9800058233717397,9.80000582337174
1,0.3,0.5061090353707581,0.13067679102373644,0.9610088638182871,9.610008863818287
2,0.3,0.527040076909949,0.13608116271040724,0.9429590371187504,9.42950903711875
3,0.3,0.5503069345584986,0.14208863952316797,0.9258088350700553,9.258031335070056
4,0.3,0.5755818523278645,0.14861459522966905,0.9095131754748694,9.095124550474871
5,0.3,0.6025483967648512,0.1555773270636165,0.894029265523491,8.940360071773492
6,0.3,0.6309648758167244,0.16291443040533365,0.8793164718243351,8.793330737761837
7,0.3,0.6605591509858444,0.17055563939687238,0.865336222432015,8.653649775072642
8,0.3,0.6911234938072582,0.17844731877921305,0.8520518886637541,8.52094976367235
9,0.3,0.722491298376242,0.1865464510927306,0.8394286819848769,8.394881663243043
10,0.3,0.7545213000709956,0.19481656196891567,0.8274335594886856,8.275113891683944
11,0.3,0.7870916050843336,0.20322617856208594,0.8160351345697066,8.161331450155203
12,0.3,0.8201015140737323,0.21174930041380352,0.8052035929681644,8.053235092774386
13,0.3,0.8534660213980747,0.22036397916190975,0.7949106132727848,7.950540538088695
14,0.3,0.8871129318965388,0.22905157409603527,0.8003553322383091,7.849468255683978
15,0.3,0.9209807848705162,0.2377962161320363,0.7902988090677835,7.756956086341169
16,0.3,0.9550171240613752,0.2465843611221739,0.7666175579551207,7.656334536910713
17,0.3,0.9891768754730546,0.2554043710107085,0.758242071187695,7.573473201195507
18,0.3,1.0234172003052384,0.2642451848669606,0.749104986854851,7.484131831788196
19,0.3,1.0577026024001446,0.2730976376224003,0.7430669440504051,7.399425357786303
20,0.3,1.0919961470851969,0.2819521927855755,0.7358604254188345,7.329400918467937
21,0.3,1.1262515652221456,0.2907969037163604,0.7290114426652943,7.2628749110619415
22,0.3,1.160446391103351,0.2996259697939851,0.7225021532374323,7.199672448214247
23,0.3,1.1945612572570805,0.3084343903587511,0.7147434633278378,7.1353272481584655
24,0.3,1.2285794275557071,0.31721784416108634,0.7089421648620485,7.078496760451144
25,0.3,1.2625273385966689,0.32598315710109804,0.7136059598438175,7.027230111631299
26,0.3,1.296490932726012,0.33475251939711764,0.7078562416509231,6.97579918584903
27,0.3,1.3304590667888685,0.3435230538989299,0.7023913890235362,6.926937186011737
28,0.3,1.3644295603042969,0.35229419760877667,0.697197175100585,6.880515682239376
29,0.3,1.3983946366124718,0.36106394260172503,0.6922600839477375,6.836412665729589
30,0.3,1.4323457161102808,0.36983007363377696,0.6875672753608187,6.794512228053577
31,0.3,1.4662748727427721,0.3785905442063437,0.6960749699874913,6.760039214936035
32,0.3,1.5001726098925816,0.3873429023033656,0.6911863208324274,6.721952353533544
33,0.3,1.5339261111902673,0.39605801886350744,0.6865395856055326,6.685767316671592
34,0.3,1.5674784431639217,0.4047211937275332,0.672167382574379,6.643855780347692
35,0.3,1.6008157561358498,0.41332885092403865,0.6684666415376832,6.61157061942233
36,0.3,1.633930716441044,0.42187909690886105,0.6649485054284976,6.580897284418912
37,0.3,1.6668505548325567,0.43037896263220565,0.6616038718741645,6.551755211915058
38,0.3,1.6995984334246854,0.4388344285262681,0.6534569896026263,6.518943687727917
39,0.3,1.732167430246274,0.44724370734578106,0.6506822021621278,6.492894565381154
40,0.3,1.7645492923828008,0.45560466819737794,0.6480438298518557,6.46814557490993
41,0.3,1.7967375354687412,0.46391563682507947,0.6455350796520852,6.4446317374572555
42,0.3,1.8287230881256975,0.47217427100905496,0.6514907372276965,6.411635039509709
43,0.3,1.8604614690927967,0.48036908573713244,0.6465078395882224,6.391483045905482
44,0.3,1.8919459546327355,0.48849834494780514,0.6440691783950271,6.371795624396423
45,0.3,1.9231699601042789,0.4965603484940169,0.6417502773187194,6.353090401020045
46,0.3,1.95412269313815,0.5045523097980027,0.6395451815754247,6.335318299091684
47,0.3,1.9847244310201129,0.5124536445434592,0.6267347352037576,6.326690911525801
48,0.3,2.014922224397145,0.5202506812662231,0.6252762617679252,6.310234629273866
49,0.3,2.044709256661362,0.5279416599257067,0.6238887025384041,6.294599151669048
50,0.3,2.0740805505991857,0.5355252954108903,0.6225685588143565,6.279743485488467
51,0.3,2.1030304470009247,0.5430001265201148,0.6213125078813556,6.265628688221761
52,0.3,2.1315526282076265,0.5503645220408525,0.6201173939015275,6.252217765224913
53,0.3,2.159640829526089,0.5576168644362742,0.6189802195231978,6.239475572280413
54,0.3,2.1872949360328557,0.5647571240332712,0.6178981373185373,6.227368722437891
55,0.3,2.214521318839331,0.5717869458457342,0.6168684416040984,6.215865497467484
56,0.3,2.241308224858495,0.5787032952396439,0.6158885630284957,6.2049357660987114
57,0.3,2.2676250035523955,0.5854982582801308,0.6201984866321949,6.197466610951486
58,0.3,2.293512668992108,0.5921824247548105,0.6190489176644011,6.187453635767727
59,0.3,2.3189769980544295,0.5987572862468583,0.6179552928011761,6.177939774999335
60,0.3,2.344028589063555,0.6052255792318145,0.6169148526755603,6.168900110763811
61,0.3,2.3686841418776803,0.6115916155945241,0.6159249746368195,6.1603109698206575
62,0.3,2.3929385992332586,0.6178540895551543,0.6133923053712738,6.156078444141884
63,0.3,2.4167868677325095,0.6240116860040531,0.6125757448507354,6.148127576682815
64,0.3,2.4402238341035662,0.6300630847001015,0.6117986627851554,6.14057290302563
65,0.3,2.4632443579522856,0.6360069583992388,0.6181935344678668,6.130027425735713
66,0.3,2.4858887632868205,0.6418537187156005,0.6247292042168597,6.126735111507228
67,0.3,2.5082078944459405,0.6476164936010065,0.623340611083819,6.120246223009668
68,0.3,2.530198353394954,0.6532944056866724,0.6220202301675947,6.114080561497151
69,0.3,2.5518503490952695,0.658884926937304,0.6114020879718611,6.108593803964317
70,0.3,2.5731581314744094,0.6643865726905721,0.6167154241744567,6.096095701412543
71,0.3,2.5941183229897042,0.6697984708687091,0.61572283476881,6.091134098144992
72,0.3,2.6147275359408604,0.6751197467712605,0.6091029712974143,6.092161339812473
73,0.3,2.634982335844199,0.6803495136183534,0.6084888481099577,6.087394298199263
74,0.3,2.6548673312128366,0.6854837973451631,0.6019405906595532,6.081966896049511
75,0.3,2.6743770671236966,0.6905211894966075,0.6016825585459338,6.0777075486663925
76,0.3,2.693508359617042,0.6954608679778174,0.599186479438409,6.073929243314246
77,0.3,2.712258010726952,0.7003020070775429,0.5990642565813824,6.070069882263427
78,0.3,2.7306227875417455,0.7050437720615769,0.5989472467929822,6.066402591190924
79,0.3,2.7485994413861197,0.7096853241255634,0.5988352231869193,6.062917800364963
80,0.3,2.766184700542217,0.7142258185155838,0.598727970511355,6.059606418830496
81,0.3,2.7833752845309108,0.7186644082155699,0.5986252845696625,6.056459810472846
82,0.3,2.800167860930885,0.7230002327980375,0.5985269716738681,6.053469771281892
83,0.3,2.816559113086226,0.7272324359061123,0.5984328481202533,6.050628507747876
84,0.3,2.832541805273273,0.7313591492839785,0.5983427407761454,6.047928617422387
85,0.3,2.848105737715097,0.7353777393605573,0.5982564875436563,6.045363070357586
86,0.3,2.863247149865292,0.7392872351669418,0.5981739352425761,6.042925188915808
87,0.3,2.877962399008693,0.7430866961581208,0.5980949391456776,6.040608630135248
88,0.3,2.892247945642241,0.7467752084383342,0.5980193625494076,6.038407368989499
89,0.3,2.906097464651166,0.7503511388699708,0.5979470764920397,6.036315682610127
90,0.3,2.919493527054204,0.753809987309419,0.5978779598139561,6.034328135626138
91,0.3,2.9324271408475786,0.7571494320312868,0.5984180290452191,6.0381895409133435
92,0.3,2.944895767011882,0.7603688174635823,0.5983246086962751,6.036107544970993
93,0.3,2.956897018478018,0.7634675272677152,0.5982355496772152,6.034129339138197
94,0.3,2.9684286511849773,0.7664449820296242,0.5981506804217771,6.0322497804097095
95,0.3,2.979488633815773,0.7693006572655186,0.5980698386442118,6.030463983632748
96,0.3,2.990075084604241,0.7720340671054639,0.5979928708803112,6.02876730861942
97,0.3,3.0001863478519537,0.7746447840499646,0.6041319805062944,6.021736351485291
98,0.3,3.009820953972729,0.7771324286535,0.6037517160646174,6.020475868494664
99,0.3,3.018977707162746,0.7794966921608512,0.601286155048591,6.0219597629216235
100,0.3,3.0276556137155217,0.7817373179981074,0.6010481924929547,6.020688119972335
101,0.3,3.0358365544308827,0.783849627807901,0.6008222121618627,6.019480143267273
102,0.3,3.043556689691908,0.7858429581609957,0.6036463461321084,6.0190916241404615
103,0.3,3.050972861822925,0.787757805571398,0.603290773151162,6.017963787259097
104,0.3,3.0580904266619178,0.7895955529105294,0.6029531990384323,6.01689256244097
105,0.3,3.0649148152781476,0.7913576024744431,0.597522790484308,6.013545497085509
106,0.3,3.0714515220111758,0.7930453728955138,0.59747417837973,6.01269574965087
107,0.3,3.0777061254952423,0.7946603045709084,0.5922979959882417,6.011014266035363
108,0.3,3.083701002220426,0.796208175085522,0.5925113461350928,6.010291802679857
109,0.3,3.0894199546045025,0.7976848022416074,0.5927144518977715,6.009605885615297
110,0.3,3.0948645654530105,0.7990905947177975,0.5929078683882097,6.008954730419859
111,0.3,3.100039183186604,0.8004266752714774,0.5930921232330638,6.008336642163131
112,0.3,3.104948457656101,0.8016942444889655,0.5932677179372015,6.007750010920764
113,0.3,3.109597325258696,0.8028945769425372,0.5934351291832477,6.007193307517633
114,0.3,3.1139906363114065,0.804028924978661,0.5935948098387619,6.006665079256427
115,0.3,3.118352912693215,0.8051552598972141,0.5937471757324969,6.0061639316792785
116,0.3,3.1227575506168748,0.8062925325188414,0.5882129659373214,6.008097045593073
117,0.3,3.1272160898892847,0.8074437224088717,0.5886358337650504,6.0075257094380135
118,0.3,3.1317418334765166,0.8086122643783753,0.5890382932637663,6.006983675153081
119,0.3,3.136338661050015,0.8097991601542117,0.5894213841509931,6.006469496945842
120,0.3,3.1410108309291327,0.81100550922971,0.5886401393294728,6.007155797313501
121,0.3,3.1457638453941557,0.8122327322875312,0.592266565340516,6.006372779922403
122,0.3,3.1506045114049566,0.8134825868771568,0.5978026002898164,6.005034694350757
123,0.3,3.1555352711742883,0.8147557035752082,0.5977507074160371,6.00462119677393
124,0.3,3.160557608201103,0.8160524654194679,0.5977022821479518,6.00422924703795
125,0.3,3.1656762324015024,0.8173740885050439,0.5940021255428326,6.008417851343253
126,0.3,3.1708946654978223,0.8187214821367336,0.5941429232148953,6.007837862725294
127,0.3,3.176219005469503,0.820096220806058,0.5955926330902823,6.012498415581299
128,0.3,3.1816587107350633,0.8215007466661775,0.5956557654629351,6.0117162588294
129,0.3,3.1872202531274603,0.8229367307371761,0.595716697393439,6.0109741660915805
130,0.3,3.192909049868019,0.8244055717395855,0.5957755567694254,6.01027015203266
131,0.3,3.1987326191964005,0.8259092108745393,0.5958324683435835,6.009602333843656
132,0.3,3.2047017389351744,0.8274504309638586,0.5958875555172186,6.008968927742287
133,0.3,3.210826521380457,0.8290318429911735,0.5959409366451067,6.008368240258921
134,0.3,3.2171177536601068,0.8306562321809206,0.5959927252358136,6.007798663668937
135,0.3,3.2235859171781622,0.8323263048199856,0.5960430303285628,6.007258671840029
136,0.3,3.2301946700266493,0.8340326774680783,0.5938786960813702,6.003114299569035
137,0.3,3.2369466308988937,0.8357760262689081,0.5920021232717491,5.9998974709411454
138,0.3,3.2438444805025903,0.8375570433782255,0.5922553623483588,5.999755942634285
139,0.3,3.2508909680490747,0.839376438639345,0.5924971019960392,5.999622653267668
140,0.3,3.2580888957616287,0.8412349355832067,0.5927279310685665,5.999497204776613
141,0.3,3.2654411397672765,0.8431332768226152,0.5929484090605956,5.99937921908324
142,0.3,3.2729506279625147,0.845072218337195,0.5964619985153713,6.003168385388104
143,0.3,3.2806208334678937,0.8470526568828165,0.598189685832697,6.002797993145786
144,0.3,3.2884557535003656,0.8490756245364586,0.5981407390102861,6.002518630957721
145,0.3,3.296459510283331,0.8511421856516266,0.5980954948237414,6.002254492173804
146,0.3,3.3046363567469323,0.8532534383301614,0.5980537860715965,6.002004833554155
147,0.3,3.312990674773375,0.8554105139691836,0.5997445784627603,6.003885189803843
148,0.3,3.3215233262746313,0.8576136351134074,0.5996230169674536,6.003556597741482
149,0.3,3.330235812537998,0.859863189393546,0.5995088617910858,6.0032457635264125
150,0.3,3.3391320904090813,0.8621601984627421,0.5994017613001575,6.002951817948717
151,0.3,3.3482161989993298,0.8645057052150869,0.5993013817668007,6.002673935582932
152,0.3,3.357492259197164,0.8669007736593954,0.5992074064793496,6.002411332604673
153,0.3,3.3669644591591386,0.8693464851730404,0.5970896994286828,6.005366966537866
154,0.3,3.376639317960853,0.8718445229741036,0.5971091379956647,6.004972541749388
155,0.3,3.386522860990142,0.8743964428110343,0.5934723554883505,6.005962950661426
156,0.3,3.39662628788754,0.877005136418584,0.593675572247383,6.005541637661804
157,0.3,3.406962598218703,0.8796739602701725,0.5972405218640302,6.008892200164843
158,0.3,3.4175381074704116,0.8824045450174745,0.5972583314318068,6.008327425817579
159,0.3,3.428359294826195,0.8851985635784837,0.5972767865051779,6.007792426171661
160,0.3,3.439420891416209,0.8880546555368564,0.5962163950739794,6.008410096083048
161,0.3,3.4507079070340456,0.8909689504379407,0.5962900916068812,6.007874107565496
162,0.3,3.462221897123206,0.8939418498955216,0.5960392596775291,6.00970008710605
163,0.3,3.4739674053319383,0.8969745270745325,0.5961250596368801,6.009102845693975
164,0.3,3.4859492003802868,0.9000682132531941,0.5962082329282221,6.008537129682462
165,0.3,3.498172240674584,0.9032241886865165,0.597422451390607,6.007947383772287
166,0.3,3.5106417319754977,0.9064437974961242,0.597444165051364,6.00744285081396
167,0.3,3.5233630821776374,0.9097284359944016,0.5974665410130477,6.006965292487513
168,0.3,3.5363842826828624,0.9130904955080259,0.5974895838017066,6.006513397702449
169,0.3,3.54972583360376,0.9165352691433067,0.601096253005063,6.006784886801689
170,0.3,3.563401611481511,0.920066339807771,0.6001299718983992,6.005962328997313
171,0.3,3.5774261999847283,0.9236874729884624,0.6000254500637142,6.005566189307682
172,0.3,3.591814921016045,0.92740262478363,0.6031984751277379,6.006483924730965
173,0.3,3.606595989627606,0.9312190802884117,0.6059033085096285,6.0063004424342585
174,0.3,3.621788651292405,0.935141808662567,0.6055161394580935,6.005893416686492
175,0.3,3.637244405574797,0.9391324672584855,0.6080455450493973,6.0056467273852085
176,0.3,3.652949430451407,0.9431874872450778,0.6075554622589419,6.005276585477962
177,0.3,3.6689078556291728,0.9473079349080901,0.6077140089787032,6.003841901551371
178,0.3,3.685120934161166,0.9514941337844344,0.607244798166113,6.003566296110147
179,0.3,3.7015962224103056,0.9557480349186266,0.6068012302240984,6.00330665327093
180,0.3,3.7183583565149974,0.960075999334251,0.6063820441651746,6.0030621960596635
181,0.3,3.7354092090057445,0.9644785105166045,0.6075142680326555,6.002329280892753
182,0.3,3.752750819730409,0.9689560951521404,0.6070639008433255,6.002138163060417
183,0.3,3.770385410928972,0.9735093270207543,0.6095326645222728,6.003016360898029
184,0.3,3.7883065949862873,0.9781365568473077,0.6089859357413078,6.0027954472982765
185,0.3,3.806508520104547,0.9828362737041033,0.608468858140799,6.002587894119919
186,0.3,3.824992959122116,0.9876089353360388,0.6079799738472823,6.002393058027446
187,0.3,3.8437606478826813,0.992454731737137,0.6075178985987918,6.002210328569946
188,0.3,3.8628114623649625,0.9973736308852411,0.6070813182238892,6.002039126696485
189,0.3,3.8821432038763373,1.0023650650803573,0.606668984934076,6.001878902983042
190,0.3,3.901758424310966,1.007429693218724,0.6062797138693503,6.001729136015867
191,0.3,3.9216657253532747,1.012569736245711,0.6059123800166791,6.001589331055869
192,0.3,3.9418731399207494,1.0177872682516933,0.6055659152029453,6.001459018690175
193,0.3,3.9623748205459304,1.023080779427066,0.6052393048355162,6.001337753148385
194,0.3,3.9831671093632828,1.0284493253150087,0.6036318003333265,6.001833674398425
195,0.3,4.004253036783103,1.0338936883640955,0.6034070459247199,6.001698826286563
196,0.3,4.025635813719833,1.0394146976288705,0.6031961492350039,6.001573340578755
197,0.3,4.047300992287724,1.0450086226812738,0.6041472881083043,5.9999922288895995
198,0.3,4.069250261472698,1.0506758996155956,0.6039047090479034,5.999957402790133
199,0.3,4.091485745035486,1.056417076784499,0.6036769696480095,5.999927028703127
