z1,z2,z3,z4,z5,z6,z7,z8,z9,z10,z11,z12,z13,z14,z15,label,subject_id
-22.00709216964474,3.8635328467502554,-0.06853362663356433,0.21690477402368633,-0.9394859666709346,-0.03990623175425575,0.09138058748822407,-0.01070459831487967,-0.0199386854716289,-0.008908996752535462,0.019213910019982187,0.05048556411620229,0.47539923080223884,0.062413988083609255,0.03659043997195325,0,EEG_DS_Struct_0101
-18.488261928662375,2.8985627702452508,0.03540057557942987,0.19600922765848913,-0.912424924034241,-0.0524220215424501,0.15630289381783632,-0.005910291105327534,0.0002620617702723039,-0.01600439686351778,0.03813275435490466,0.03144997989274585,0.14603195107310968,0.011405723182437438,-0.024359764620128923,0,EEG_DS_Struct_0101
-26.700125296026275,4.193714971790782,-0.18148078691484779,0.21150159325546003,-0.7268444285896615,0.0075470972202190765,-0.07570451717032364,-0.02815286236598039,-0.03939103979392809,-0.009888219002197818,0.022539129704130842,0.04052187105026861,-0.1398943573360054,-0.030164972160204705,-0.07391752597557978,0,EEG_DS_Struct_0101
32.93497434277006,-6.980749053265093,1.5371402285789342,0.0670497153605567,-1.6234421672600696,-0.36724794947785033,1.3560007808306214,0.1257394364153968,0.2270572870776607,-0.021392319284306446,0.056083521882658284,-0.09811177888527146,0.1748703865914859,0.016878121481361908,-0.04541321817557828,0,EEG_DS_Struct_0101
25.982717733447284,-5.73218929227608,1.3460887075663241,0.08275341337363037,-1.5014084085217643,-0.3238180717793413,1.1822854965058311,0.10771511041989801,0.19540623059021836,-0.019049068722125317,0.04915857533241672,-0.088009787475628,0.026492385992698243,-0.008944815653737748,-0.06835042431398505,0,EEG_DS_Struct_0101
-23.685910907230017,3.6798497176074987,-0.8373616973397214,-0.5296172047552469,2.2289274402177877,0.1485386404227431,-0.7497580351594572,-0.03396589259922411,-0.14183348600664694,0.029739570775976085,-0.07592016449480717,0.07410914460206161,0.18530403975916535,0.025792026753534182,0.03885231102056598,1,EEG_DS_Struct_0101
-18.047101005278723,2.4830454322137134,-0.43777851377499777,-0.29160900834459846,1.157906783107427,0.062319019664002155,-0.36478337297545976,-0.017982134253851877,-0.07653413933760997,0.013463990578288027,-0.035970031187016444,0.047108226981780105,0.05374443980567512,0.0015928723773248612,-0.008886444164751577,1,EEG_DS_Struct_0101
-24.421629989073786,3.4591729271788125,-0.503892030092427,-0.199963139849987,0.9579486032644655,0.0903491349436511,-0.46056791925875845,-0.03186936437119429,-0.0990219411810169,0.016371991466890435,-0.044816044250392414,0.04807748957557887,-0.2584881040471614,-0.04879836541274291,-0.07586550319938636,1,EEG_DS_Struct_0101
28.1223565653444,-6.793764270762148,0.06257404359266598,-1.4446454043735004,4.719846704619488,0.0011697275970257285,-0.39268244490431126,0.09557364804674068,-0.060457535629301104,0.09638850350506546,-0.23604240660221498,-0.031870235061203636,0.035126365009379226,0.012031493992602936,0.01789128854406647,1,EEG_DS_Struct_0101
23.27738399622622,-5.8413502900170124,0.22004393494605887,-1.0832185089217816,3.396447719825803,-0.03535524158055178,-0.15331989671427262,0.08562246425009654,-0.015793759874027646,0.07102991262719856,-0.17451841079615268,-0.036685571840507615,-0.07254005531977281,-0.008408659786398157,-0.014285919609511992,1,EEG_DS_Struct_0101
-16.64027504102615,0.5938203389503973,0.19108262072368076,0.2388935632884332,-0.8010949682623256,-0.04132519681562665,0.46646788306944376,0.0364897099462542,0.14635841873585148,-0.013213340565694487,0.04183013513035494,-0.12680099379127668,-0.2866934964326168,-0.021101744802241622,0.055258879801167525,2,EEG_DS_Struct_0101
-13.915420545624226,-0.8863143815337731,0.6427388857296182,0.09157544000473702,-0.845948320988609,-0.17636038759785522,0.8772885117033319,0.08718291172659555,0.20788993925791802,-0.012335446267489567,0.0362279855417778,-0.1491435899427299,0.02012584646914104,0.017956861354535922,0.07628269952113587,2,EEG_DS_Struct_0101
-11.454246355365877,-0.15818610931325078,0.4061448048945092,0.16717736487336046,-0.8783701241756718,-0.1039288946093455,0.5817201961960028,0.04748745310126891,0.13883840083762952,-0.011965228771180263,0.03378557299910938,-0.08854412627042277,-0.22285716173289435,-0.014101376017672236,0.0015840240416722605,2,EEG_DS_Struct_0101
36.949895265711596,8.461736096944556,-2.6283807088459477,1.692699100993478,-2.527626378839154,0.802441205759051,-2.812275625763212,-0.4333925178353106,-0.5734088787343654,-0.06636720097973828,0.14455918475147986,0.3950704034337589,-0.028813912324540957,-0.026279090028408197,0.002575280537702746,2,EEG_DS_Struct_0101
28.09273533443885,-3.2408817045322698,0.2162135620015514,0.5844890734364866,-1.7044315636914869,0.027999169532197627,0.29764546233707434,-0.0238330730667996,0.1105671277643317,-0.047869751761246686,0.12573628765789369,-0.06765659638903963,-0.10780755835832623,0.009727936672903626,0.0820438766111008,2,EEG_DS_Struct_0101
-8.243641969969154,-12.53275380308652,2.3310355366573057,0.298295402191396,-0.3508964008750012,0.022456026914021356,-0.15045540592484336,0.029385514719380598,-0.01991070588811213,0.06786453336592803,-0.18690716283942135,0.20870100021893379,-0.023640290723169644,0.0997671162354182,-0.010598568003813745,0,EEG_DS_Struct_0102
-4.98227667917617,-7.549761712833749,1.5410916999171063,0.25172632450163485,-0.2966500163058316,0.02569212415090518,-0.13315178184532536,0.051260203212512845,-0.02864657391942381,0.09995438910901723,-0.2756466326602486,0.12234643082874233,-0.021477230084815765,0.1240599022770664,-0.014969716506740033,0,EEG_DS_Struct_0102
-3.4927976569384707,-5.280216823780668,1.1561101276823518,0.21192730903684887,-0.24659231263251305,0.028416309983176093,-0.09284659900443197,0.057914786705227976,-0.020267200074942412,0.10211219902435055,-0.28156145842335684,0.09737805851812154,-0.02809895731461237,0.15349019739365474,-0.018263548955207723,0,EEG_DS_Struct_0102
6.738276537628673,10.337168402671985,-1.3730128103320138,0.02167024373744912,-0.007475941044573364,0.03189432689344104,0.041454962311657836,0.11276073389276353,-0.013498511256572095,0.16493027914273692,-0.46776868287351314,-0.147919494474039,-0.037965482944568425,0.26017104957464726,-0.031561846287462746,0,EEG_DS_Struct_0102
8.002612268385509,12.273056633962863,-1.664985819721662,0.019226343771593348,-0.0059190900231595655,0.032400029216995,0.0260663339155772,0.12415603158429747,-0.026208885332216752,0.18766572765181555,-0.5310745922721389,-0.19361363151857447,-0.034573500948335695,0.2620898966844365,-0.03285307636876911,0,EEG_DS_Struct_0102
-8.024448864198176,-12.306337588488502,1.6903906270938234,-0.0468805388133478,0.09450718060331874,0.14157474126447914,-0.03859470550286528,-0.1418775918224938,0.07697201375559626,-0.2972770585583747,0.7526497163182753,0.2237004217478171,0.00232862810419117,-0.04827588225274093,0.006325200897216807,1,EEG_DS_Struct_0102
-5.157593916595726,-7.892649135996155,1.1834928876274753,0.01562492311753604,0.016840279876735486,0.11061900829517607,-0.05248182128761416,-0.07068768575191944,0.04983371307832939,-0.16131671257343613,0.4010036294980419,0.13514739003996418,-0.006414669480181672,0.023156824760275054,-0.002199923484123015,1,EEG_DS_Struct_0102
-3.064616237238453,-4.692330557543214,0.6938940484902489,-0.0074878885789762565,0.02298374948091166,0.09724769387674295,-0.017892390692809623,-0.04506481696371521,0.03644433777143409,-0.1132690198427607,0.26651417835230573,0.09475392404367916,-0.013448494704715078,0.06662116362901,-0.008539399647025006,1,EEG_DS_Struct_0102
5.854195274950526,8.766734034957915,-2.32078795069466,-0.695597360478088,0.9487327602681687,0.2998406035692672,0.24424868009913245,-0.2665350504285494,0.21676683051841614,-0.6585050747716836,1.6476885118284013,-0.1161911590889055,0.017806576001099587,-0.07214793168776178,0.004246322034351002,1,EEG_DS_Struct_0102
7.2430971248358205,10.95108181831368,-2.3294333900311006,-0.5031511396051075,0.6938151049378888,0.2233896942017354,0.19368845040519866,-0.14861129680323434,0.1501243253512371,-0.4104912240736161,1.0078617984064178,-0.1562395937209783,0.0015455306058513216,0.03079206306257402,-0.005393092885236019,1,EEG_DS_Struct_0102
-6.155682494840659,-9.36006577588955,1.327397488134968,0.5426094781869601,-0.5405300300724937,-0.0005874331045349711,-0.7747320247039219,-0.06663760893169256,-0.25767959273436447,0.1458531293770409,-0.3188428949508477,-0.22722658209048463,0.056016261173530556,-0.25921523044138123,0.030533036586014348,2,EEG_DS_Struct_0102
-4.110870538570839,-6.231750913242143,0.8858917630357508,0.4996573220425917,-0.48345192486934213,0.04342608279989984,-0.7253172415285853,-0.046038427252129324,-0.23612124396925324,0.14684688135519205,-0.3470796153216768,-0.2573799674848775,0.038784547292965196,-0.14358306983964772,0.015734633953804148,2,EEG_DS_Struct_0102
-1.0251207187339626,-1.5218337725405975,0.28377905775659706,0.31126422771565987,-0.32266344898636395,-0.002564726548527569,-0.40093604322142656,0.012833446464861965,-0.15020200919953947,0.1601199900609682,-0.3967798668874913,-0.16891893355913626,0.01614982264864812,-0.043360728893338134,0.005150770159188236,2,EEG_DS_Struct_0102
8.160106582927131,12.414950713987885,-1.3464611802078876,-0.9178883265443217,0.5445354350656684,-0.8007719007178863,1.9186172074646748,0.3206131683680307,0.3703289060369905,0.28587524962885513,-0.6204129215896291,0.7000576785654655,-0.019430277128890953,-0.1988932416433458,0.03846795508385135,2,EEG_DS_Struct_0102
8.258761287525603,12.624708479497315,-2.0584020853983525,-0.000996320262418157,-0.067235345404048,-0.25303258081316204,-0.03766762048796136,0.07652859300140981,-0.14793540413398232,0.2796367110902146,-0.649644006548376,-0.3145955420287146,0.0524175374919649,-0.25467212881348117,0.023921253425563272,2,EEG_DS_Struct_0102
-0.001696682197085418,-0.004267259780127392,-0.012551627723917158,0.005491607081826576,0.001884933683753903,-0.00019376012421619897,0.006345901903996924,0.0005194867047491413,-0.01709255595706854,-0.0013549342795333233,0.0004870980224190268,0.0002567191886709802,0.00015326647101884515,-0.00035322608703303214,-0.0012484909935956336,0,EEG_DS_Struct_0103
-0.14719656819083543,-0.3576737743884664,-1.1094726997603732,0.6363080791845585,0.13922472367137337,0.31488858926383956,0.14324968557161233,0.041214993476830754,-0.1434015352061541,-0.013723493945139867,-0.00673893690566345,0.0025958216409807445,0.0014605274722123821,-0.001998955819355602,-0.00587452794563491,0,EEG_DS_Struct_0103
-0.26984942174190446,-0.6556811669339223,-2.034022915358176,1.167021316798681,0.25521509500845285,0.578309424949663,0.2614592715199861,0.07557442619997774,-0.2583541963576806,-0.024752285724480003,-0.012579937456681907,0.004656032269486826,0.002970867362966798,-0.004156606205731665,-0.012925820160517633,0,EEG_DS_Struct_0103
0.23778726236310993,0.5775177105699932,1.7927658741352355,-1.0315791629296547,-0.22433301839433792,-0.5162849865332284,-0.2221061431594591,-0.06651731444746109,0.20089586315791344,0.019759474573570433,0.012055029206430331,-0.003891337889340629,-0.002182868631404973,0.0027498216318336973,0.007488848323095909,0,EEG_DS_Struct_0103
0.33291298596860897,0.808585521350466,2.5098960990004904,-1.443818942436569,-0.3141522272802241,-0.7219102718897993,-0.31208212291837867,-0.09313450859857864,0.2849330213056689,0.027949928947667516,0.016738426814294532,-0.005465121478862959,-0.003094352386378905,0.003936327471331023,0.010891296936816742,0,EEG_DS_Struct_0103
-0.08530771127493932,-0.20700084757745313,-0.6434618357128715,0.37235143893711237,0.08002135375816449,0.18994170873086952,0.0737665182117141,0.023812621066872656,-0.05338868114077611,-0.005672712178171489,-0.0050004566443962095,0.00143777978564744,0.0003137213156164992,-6.730017260777947e-05,0.0016706162277079853,1,EEG_DS_Struct_0103
-0.21110691296141837,-0.5126717714382082,-1.591678177099539,0.9163241322921861,0.1989977105183226,0.45939052427407373,0.1958156782059349,0.05904124788128467,-0.17449644855165633,-0.017273140654137164,-0.010830667338428515,0.003630522465410484,0.0016438329671238884,-0.0019123530313789102,-0.003936938883977305,1,EEG_DS_Struct_0103
-0.3110910077599607,-0.7555871090668093,-2.3453612659241525,1.349023025718677,0.29346829852281353,0.6742878888271383,0.29188439558857,0.08704036889961146,-0.2678410047243243,-0.026268768824887823,-0.015581318386685559,0.005459530153470231,0.002619988762803914,-0.0032266520393219185,-0.007476490488428651,1,EEG_DS_Struct_0103
0.07225812375695095,0.17584526785474056,0.5441668829380467,-0.3086141946902085,-0.06856849883116777,-0.14686602777014612,-0.07943620170861054,-0.020334922523941545,0.10267325922346635,0.009333587048594631,0.002106136508557837,-0.0027028155235733864,-9.556849462248135e-05,0.00012410190994855314,-0.0034005605998927596,1,EEG_DS_Struct_0103
0.20653949016845846,0.5021112369724243,1.5563774771025303,-0.889853473570391,-0.19585980667861203,-0.4356356399073519,-0.20868130592663384,-0.057906878007160344,0.22605511949558021,0.021159889673864188,0.008560925220489932,-0.00388558133509611,-0.0024408090850316626,0.0036333392492247578,0.011667813999404291,1,EEG_DS_Struct_0103
0.010817257092333464,0.026176104244524875,0.08172141665724797,-0.04821351730336187,-0.010046847564727294,-0.026147565801298716,-0.006888916063605424,-0.0030010724778211507,-0.0017682859149658662,3.385619660938896e-05,0.0009631979244115127,5.652917723758203e-05,-0.00014457077424305019,0.000138403792496941,0.0007017914104018866,2,EEG_DS_Struct_0103
-0.1417324977523969,-0.3444040500672358,-1.068281730983325,0.6126157494543113,0.1340639080016459,0.3030514529635387,0.13812804373011767,0.03969583716676861,-0.13864144656245317,-0.013247391095216146,-0.006484219793217616,0.0025525162079816322,0.0014552251218402858,-0.0020175480510498576,-0.005916768896176928,2,EEG_DS_Struct_0103
-0.21638202658263497,-0.5257249633799558,-1.631061042315466,0.9362180591241748,0.20451594193575756,0.4646234487018511,0.20846726683444725,0.060584573889003665,-0.20379325937570883,-0.01961464906697761,-0.010192473766696226,0.0038367621544706685,0.0021320840261809973,-0.0028798151107718413,-0.008159529538681891,2,EEG_DS_Struct_0103
0.21185340568253233,0.5145154714243511,1.5972643446780803,-0.9192647686257757,-0.19983669014103297,-0.46037748269103296,-0.19738140724248415,-0.059253451693043024,0.1773954513087549,0.01748720777908533,0.010789954150421036,-0.00342686193803498,-0.0019016980729166003,0.002363338794126099,0.006377553832222225,2,EEG_DS_Struct_0103
0.31219430342885784,0.758259630217441,2.353699200364896,-1.3540093490452583,-0.2945948762133473,-0.6770773029746706,-0.2925406645456412,-0.08733540752940985,0.2668246992949945,0.026183431548075137,0.015707242435981216,-0.005110494878778673,-0.0028896460503654332,0.003667123660950186,0.010141206784724566,2,EEG_DS_Struct_0103
-0.009985877072324588,-0.023428346192123636,-0.07670912157572793,0.0537142077184711,0.007176183297811256,0.04337326145947381,-0.01760351836985951,0.0027605159239847206,0.07799776350476556,0.005933359117599433,-0.003980504304203469,0.0014853403004295722,-0.001254346909469957,0.0026016188728723018,0.016415033969616848,0,EEG_DS_Struct_0104
-0.09237872298072088,-0.21744816694424965,-0.7092725924385319,0.49501174679529475,0.07246197846377055,0.39630425702328786,-0.15018699357428586,0.025722790145759587,0.7224882583824638,0.0569893244627207,-0.03784577580781391,-0.0008920818449162567,0.005638861348997186,-0.005581314251453627,-0.006572461051605837,0,EEG_DS_Struct_0104
-0.12802147652167103,-0.30137891605730815,-0.9829171981384364,0.6859184235846629,0.10069321405186496,0.5489895430703893,-0.20756508558380626,0.03565582239081942,1.001290075225199,0.079072059141013,-0.052493865256101176,-0.0018938354409898874,0.008589359011389025,-0.009067097357970942,-0.01622758126981126,0,EEG_DS_Struct_0104
0.10662010473642913,0.25115826260568325,0.8185219303132512,-0.5708262559984042,-0.08522952219500546,-0.4561017825786029,0.17001282889418723,-0.02973702181842829,-0.8341151482664884,-0.06632687646961338,0.0439488642563601,0.004874960308008508,-0.011039362876544934,0.01423309507758751,0.049218483427593794,0,EEG_DS_Struct_0104
0.17252782212323434,0.4063592997240077,1.3245220335302423,-0.9238274924302695,-0.1374582922122495,-0.7384141479498143,0.27605794301835745,-0.04810517587231932,-1.3496570571245823,-0.10716942707738449,0.07103928256838297,0.006789549153994942,-0.01656851128271918,0.02080480699395638,0.0677456695810148,0,EEG_DS_Struct_0104
-0.04522486079457344,-0.10663973910867794,-0.34713755335929986,0.2418440093262091,0.0370568916904864,0.192727981083427,-0.07022743942707034,0.012641128286207464,0.35394457989655814,0.02844667462424774,-0.018794042820384348,-0.004248049275742719,0.0072516549723266955,-0.010454781922101964,-0.04448196472116989,1,EEG_DS_Struct_0104
-0.1107802642498427,-0.2609462876872557,-0.8504653790187763,0.5931303756625237,0.0884546402542284,0.4739798319626598,-0.17685574843003973,0.030894251971124755,0.8666456264851214,0.06888014309490509,-0.0456467870781482,-0.0048233325301388266,0.011185126895577205,-0.014298436713640473,-0.0485205504695306,1,EEG_DS_Struct_0104
-0.1395208561160286,-0.32859057920288726,-1.0711359290927918,0.7471569382822886,0.11093470760006961,0.5973289251036452,-0.22371503910417845,0.038895093502181344,1.0914141400626487,0.08658833782412047,-0.05741046726827618,-0.004946522993278691,0.012757591556977758,-0.015722135947916965,-0.04889422626243614,1,EEG_DS_Struct_0104
0.02918041465419118,0.06838177412671549,0.22419706040394424,-0.15717375510881193,-0.020290993633736657,-0.12729598005569212,0.05285559475059132,-0.008045968205117732,-0.22781800965091825,-0.017103550934567443,0.011517439701446973,-0.005975828601789176,0.005592514448333445,-0.010916000093666047,-0.06567376539081768,1,EEG_DS_Struct_0104
0.11753798940089906,0.27649057516100906,0.9025325079533841,-0.6303039539022681,-0.09067027462477868,-0.5054784688529654,0.19427200526985933,-0.03268177528880017,-0.919022163044932,-0.07198258372503678,0.04789613760330396,-0.0025418989268787733,-0.0028418544571082185,-0.0003487324605515259,-0.03144694580468631,1,EEG_DS_Struct_0104
-0.020694564795560987,-0.04864205992225683,-0.1589257175969265,0.11107876275802823,0.015633766942218782,0.0892665904061428,-0.03489322892635583,0.005744102781251289,0.16175862956686501,0.012559589302453739,-0.008377352167358592,0.0012430160221354584,-0.0004369923911669963,0.0016731628763351515,0.0141491659608114,2,EEG_DS_Struct_0104
-0.07921740241969512,-0.186452574540083,-0.608229341541864,0.424527792451539,0.06200666851801655,0.3399492041503482,-0.12906382395630778,0.02205401459109427,0.6195341234463269,0.04882450330529088,-0.0324316996652231,-0.0004481385757798058,0.004462126148274305,-0.004144149793224264,-0.002205638498855231,2,EEG_DS_Struct_0104
-0.07952534650430867,-0.18717875131444808,-0.6105930385390103,0.4261744239768493,0.06225940312082801,0.34126119168946456,-0.12954116541001967,0.022140102714075034,0.6219442575538981,0.04901834267105165,-0.03255974023148922,-0.00047804615199478436,0.004512660928407568,-0.004217327665482675,-0.002519154419133501,2,EEG_DS_Struct_0104
0.1082045216278576,0.25489451992921275,0.8306835072308296,-0.5792984860019222,-0.086529646033168,-0.4628523372105011,0.17246930385971374,-0.030179950583472528,-0.8465156013477091,-0.06732412777200063,0.04460761241704984,0.005028279680300987,-0.011298712419474001,0.014608472307957244,0.05082551132235799,2,EEG_DS_Struct_0104
0.17127851891324736,0.4034209894278616,1.3149288318790937,-0.9171267371292235,-0.13649872524466944,-0.7330380692832089,0.2739843669885875,-0.04775793053050333,-1.339889474679877,-0.10640576756390038,0.07053089804215681,0.006826588877485819,-0.01655011496444549,0.020828820061861694,0.0681884236043016,2,EEG_DS_Struct_0104
-0.24414073344427303,-0.5669350793006497,-1.3648640701941275,-0.47584798843217185,-0.1423147182355827,0.10263936422066129,-0.046422631561543526,0.27405207515230484,0.0022808086261028645,0.06775677570655134,0.03233605785729308,0.0019747062402487355,-0.0011995594106232058,0.0030526274694250067,0.008072484370808604,0,EEG_DS_Struct_0105
-0.5139591994871786,-1.1939319298818238,-2.8765591466571943,-0.995735555202937,-0.2973805376744008,0.20484745180745417,-0.0959935119642188,0.5722267583291822,0.0010314230928267637,0.1411431594525688,0.0676214710491335,0.002410250883641394,-0.0011629851098831827,0.0032617457092957015,0.007528084703411385,0,EEG_DS_Struct_0105
-0.20852253496046833,-0.48406324730449485,-1.1635744873428078,-0.4124029386033058,-0.12308355102614071,0.08896396153240915,-0.04046743246968946,0.2358978577312926,0.002716668182760933,0.05811596889796851,0.02768145902028663,0.0019804634685491405,-0.0010617699269065146,0.0027445905333310077,0.007463814125801388,0,EEG_DS_Struct_0105
0.5940680312510098,1.3829573400974935,3.3562079421787283,1.072439877726682,0.3211873068617076,-0.19514732091991852,0.09013795871906126,-0.6328113759412247,0.04232310734346336,-0.1466975266548133,-0.07439623481907202,0.003639240158710329,-0.001431861838662572,0.003768206171719957,0.01263784504427562,0,EEG_DS_Struct_0105
0.629008200216039,1.4641582875714316,3.552705728877667,1.1368422909035794,0.34069555748726404,-0.2107715477673495,0.09660423829093644,-0.6714009222055352,0.040483668829545925,-0.15671912202186805,-0.07888776695658807,0.003360171331776349,-0.0015759944185968482,0.003952338267882977,0.013358792550086155,0,EEG_DS_Struct_0105
-0.4301032303987101,-1.001539245059664,-2.4311010797082506,-0.773008837066174,-0.23002683293182027,0.13761451827191076,-0.058029228328397076,0.4552397934301263,-0.04941086608489128,0.11796422845375981,0.05927358244248017,-0.005323449744179387,0.002384339093648546,-0.006407071013836362,-0.019008217558311738,1,EEG_DS_Struct_0105
-0.6129164717841665,-1.4263665524702713,-3.4575884557655208,-1.1173858086317443,-0.3339392576904341,0.21153948266550487,-0.09274948247456122,0.6570388529279586,-0.045182233023332956,0.16478996811918323,0.08179345852386888,-0.0036520370050889287,0.0013642295849861541,-0.0038394269240674857,-0.011572979513683674,1,EEG_DS_Struct_0105
-0.25926549131883364,-0.6034791454246164,-1.4641778504349818,-0.46735846023772465,-0.1395992380446844,0.09021121377885034,-0.03696950199556992,0.2764813631077971,-0.023778349468297117,0.07374661359736055,0.03630742618744561,-0.002347087277014557,0.0007366729185491819,-0.0023958785587161555,-0.0053989666850208255,1,EEG_DS_Struct_0105
0.2806434209654171,0.6507577521403132,1.5621951268488625,0.5637320323221208,0.17110610595576867,-0.13164659639216336,0.06798301749053726,-0.3235026038445686,-0.03846389540639333,-0.06750765494881875,-0.03134746354392569,-0.00850880228895925,0.004501150017908239,-0.011677219879091722,-0.03334148518709215,1,EEG_DS_Struct_0105
0.42110791830079947,0.9778054747221201,2.3580848699818135,0.8091099090473927,0.24537316315155275,-0.1818065534700171,0.08961588379841998,-0.47204442888298564,-0.03221047545519852,-0.10386909365444327,-0.04916492440670112,-0.0076188524710273245,0.004478315847414504,-0.011055149860041049,-0.034391915784402295,1,EEG_DS_Struct_0105
-0.3308141597736437,-0.7697054151475012,-1.8682201708011426,-0.597752708749006,-0.1816285790372497,0.11790232449562894,-0.06027528988348636,0.35643341301314857,0.0045068821730028545,0.06731318544334539,0.034380860458167,0.002357928615795338,-0.001352459384970834,0.0036007571922482564,0.009448655191797276,2,EEG_DS_Struct_0105
-0.4690355511742527,-1.0913777542145544,-2.648412048869063,-0.8490656264708853,-0.2571779280743057,0.16428022940179277,-0.08313676880671485,0.5041513044242841,-0.0004703936845712943,0.10184542125341167,0.051572782771834,0.002139985989328395,-0.0012736370954879355,0.0035233483070869057,0.008522268496118982,2,EEG_DS_Struct_0105
-0.0720883219510659,-0.1681071998058278,-0.4138703137615293,-0.11319621539082585,-0.03683340803632497,0.020820800233637533,-0.017442916313787516,0.0736838742929085,0.01572566104554304,-0.0020255137467080422,0.00035077360113050667,0.0025576750770161744,-0.001298668999173011,0.0035216246045177784,0.00991486800012478,2,EEG_DS_Struct_0105
0.45678550640155113,1.0631009055935687,2.5774370588566886,0.8315000878538995,0.24837430032347843,-0.15646352428915208,0.06873859414251837,-0.4894971373544575,0.0337565079678843,-0.11954278875534084,-0.05967523883737003,0.003318462271332785,-0.001524897280746739,0.003910758934324033,0.01273910769735245,2,EEG_DS_Struct_0105
0.7592326171600351,1.7667258084911,4.281736896792601,1.3881299409489962,0.41524761697477514,-0.2629838035859737,0.11840707135678996,-0.8159488241932816,0.046691485861982227,-0.1963136211400389,-0.09784624335547598,0.0037113447508547144,-0.0015828739924003679,0.004038749039661991,0.01402764454997453,2,EEG_DS_Struct_0105
-0.436179749257941,-0.9698186836749905,-2.0634901613796437,-0.9526483314422781,-0.18285585979172947,0.4535024148748698,0.11162418828281809,-0.6171342133270585,-0.010436334792407059,-0.009086854505552454,-0.09072472931745731,0.00012752384081751126,-8.744147524751257e-05,0.001081317612219867,0.0011730000647625256,0,EEG_DS_Struct_0106
-0.5611496088529315,-1.247859976459659,-2.6561405029783782,-1.2255714936435333,-0.23559447334603295,0.5823883582022092,0.14300921817953988,-0.7891138531900799,-0.01399960871839394,-0.010424628540651657,-0.11577186606338746,0.0001270500508533859,-5.013030244934064e-05,0.001314515326380597,0.0008524098214752307,0,EEG_DS_Struct_0106
-0.02651736174627612,-0.058530235772104186,-0.11985416563389661,-0.06886581903632798,-0.013087462162876248,0.02645231853439872,0.007492977390112806,-0.042843118636081416,-0.003591511381687924,-0.0031970496336124975,-0.006768102240021542,0.00047474744775923504,-0.00024550871818358803,0.0006838478342413368,0.0013994149899393034,0,EEG_DS_Struct_0106
0.5138401589367134,1.143540250674249,2.4435780347088074,1.1008792447434261,0.2120923517935425,-0.5354877034231179,-0.12906112462621305,0.7104472492250115,0.006144753379282796,0.004127824244323126,0.10338953143707065,0.0005925976658317359,-0.00044283370489345996,-0.0001324337412926804,0.0022594816450636507,0,EEG_DS_Struct_0106
0.8846810949449815,1.9684650797422694,4.202522009463893,1.9028815671334685,0.36618005304895157,-0.9217320418671774,-0.22373273928753235,1.2293555334779196,0.014440512244515332,0.008775347268580605,0.17892031806936967,0.0008861174893277296,-0.0006096082949404864,-0.0004872519700428444,0.002895273295851282,0,EEG_DS_Struct_0106
-0.64002346404868,-1.424564508748715,-3.045963774669864,-1.3647053784150218,-0.26224262757619476,0.6623091343272053,0.16229512954017863,-0.8893326455768022,-0.010954868267116459,-0.007109629546232362,-0.12934476416598634,-0.0012625838182725394,0.00044967807780871196,0.0001741467310726192,-0.00256376445492922,1,EEG_DS_Struct_0106
-0.6827811911805557,-1.519483964412926,-3.245835006418463,-1.46434618495254,-0.28154178459209855,0.7048258192557592,0.17303818397917906,-0.9508207737539052,-0.01355856351302178,-0.008824484777617912,-0.13849043003525652,-0.0008361885066596285,0.00021704665271336026,0.0007469446544167988,-0.0005509189261646793,1,EEG_DS_Struct_0106
-0.1204293824109143,-0.26850649608048965,-0.5780784663495375,-0.24806948104073162,-0.047609206057785694,0.11975132271798643,0.030537846839150385,-0.1652805185206775,-0.003170319114402438,-0.001567069330635851,-0.023868537065601537,-0.00045779434596635683,3.243854030337956e-06,0.00012049830313833743,-6.434933333155237e-05,1,EEG_DS_Struct_0106
0.17278092112122628,0.3829334322847997,0.8029651346565251,0.408153082528623,0.07970899823678819,-0.18462711445037455,-0.04134258863957844,0.24942159066679057,0.0019016677394711455,0.0023885416719393936,0.03634540340703265,-0.0029441240719895556,0.001692290550719767,-0.003947977839680508,-0.015187996979862622,1,EEG_DS_Struct_0106
0.5920554367016054,1.3156512764712875,2.790371463827005,1.3207684677443328,0.25485685712350614,-0.6175101997312646,-0.1497010333381683,0.8341924105129361,0.01709843457110316,0.00872565667290997,0.12160995976262819,-0.0019595477755327624,0.0008111255418746524,-0.0030897684274598576,-0.007882485544186546,1,EEG_DS_Struct_0106
-0.5024066413112867,-1.1173480087354755,-2.377753822146148,-1.1061624661340959,-0.21405812553551984,0.5188776690235026,0.12446609822365491,-0.6961212426394536,-0.009283815970060219,-0.005782110147607322,-0.1017620430893105,0.0008955692359847719,8.743856577206048e-05,0.0010880444888568164,0.0010229455623907186,2,EEG_DS_Struct_0106
-0.608481408134682,-1.3529035146892345,-2.8789661815772885,-1.333345747167291,-0.25766439465780855,0.6408192456160757,0.15103762719655062,-0.8476332350405738,-0.00454555548560527,-0.002161670177941851,-0.12259115392089871,0.0010814320640630097,-0.00013202356825780344,0.0017400879667853965,0.0034423677809644945,2,EEG_DS_Struct_0106
0.018777194925276953,0.042441867723098776,0.0986378106643543,0.016965200465112955,0.0024105027539423935,-0.022007183769018498,-0.006861858375532275,0.023454619101883442,0.001116026586996254,0.006358152861891358,0.005615571634843878,0.0014760704848958129,-1.6923862829788446e-05,9.037983638091545e-05,0.0024546130900980835,2,EEG_DS_Struct_0106
0.46702656555646166,1.0390202446049128,2.212561059116629,1.022023614121802,0.1961154747770029,-0.4649402068451022,-0.11841911336666217,0.6609523945701912,0.014428813556336807,0.00580371038755093,0.09477083322607928,0.0007024768488142891,-0.0009988649330910982,0.0009979669422508436,0.007467550118521086,2,EEG_DS_Struct_0106
0.9288074347598954,2.066963237080703,4.415446568718007,1.992043725115337,0.38328969598975426,-0.9626218324854529,-0.23438281199866637,1.290455803125436,0.014410369165355952,0.011974263555598011,0.18867000835459571,0.0010966533910095032,-0.0006774883777709287,-0.0003803177239859132,0.003282458870711145,2,EEG_DS_Struct_0106
-0.0076003974561003945,-0.01814907914722701,-0.047439319972572766,-0.008569946949229844,-0.003994671885497044,-0.019045161104673823,-0.00802778306602341,0.001111684093315696,0.012150736207270668,-0.012443143745920437,-0.004892867395952094,0.0011836923038712392,-0.001253433680900829,0.0018364714312461446,0.01395276117619576,0,EEG_DS_Struct_0201
-0.341108072708902,-0.8194982741159818,-2.2100922176944926,-0.007157888492698925,-0.04656027904739123,-0.4532831942414653,-0.08253956665919593,0.11903403696373564,0.09059056734780198,-0.5775300367377877,-0.2088989625630407,0.0010602319226559345,-0.0011369665324364143,0.0017263195881146774,0.013715753035883224,0,EEG_DS_Struct_0201
-0.192842327842308,-0.4632621528727935,-1.248505918121639,-0.008435780850603978,-0.027667664752135456,-0.2609424576349218,-0.048829446951257786,0.06667984523524845,0.05374464136764218,-0.3267625100910641,-0.11821091399026105,0.0010523784749065473,-0.001139590557596716,0.0017409265175388402,0.012928272574026265,0,EEG_DS_Struct_0201
-0.15482115178522937,-0.3718960387320861,-1.0020418585701376,-0.008124445728392446,-0.022778908193394985,-0.21063169965319756,-0.04077001142611243,0.053321938748398474,0.04700763396967204,-0.2621448486772952,-0.09511634278060571,0.001155729945809726,-0.000900411547817364,0.0013499774887457208,0.01123235888969151,0,EEG_DS_Struct_0201
0.7491255289242017,1.8000560845358957,4.860607346632844,-0.016006315205813432,0.09204706407750625,0.9624246328290115,0.16271646402736686,-0.266036133194259,-0.17204016572666025,1.2672677637277312,0.45757614252564094,0.0011946682790770064,-0.0010648049766271781,0.0014747597075982215,0.009195716680189332,0,EEG_DS_Struct_0201
-0.11937810326195882,-0.2869128018376689,-0.7652125225897128,-0.03641247457966413,-0.022416660916963933,-0.18608902797962762,-0.026259512419906036,0.04438466734241631,0.012142589386193118,-0.21930433864650514,-0.07782274554678362,-0.00138643051384582,0.0025596584272790848,-0.004484838685634424,-0.023025328040244233,1,EEG_DS_Struct_0201
-0.40571698548833346,-0.9747742959143582,-2.624099154096019,-0.025626345206417753,-0.057858267593204,-0.5484220109648582,-0.09362374496216049,0.14561574729444268,0.09214270258389827,-0.700917382824822,-0.2525984194521986,-0.00032107814882337277,0.0012098831944714356,-0.0020413145646630115,-0.0091956103467659,1,EEG_DS_Struct_0201
-0.24731079883711946,-0.5941843353848382,-1.5989358519242998,-0.018300310731852187,-0.035869108781314836,-0.3367837384211419,-0.05756945314943486,0.08869591896664192,0.05617454882473243,-0.42804447726469924,-0.1542096179146009,-0.0003195659985934835,0.0007837133759645039,-0.0014024487472622082,-0.005856247660385365,1,EEG_DS_Struct_0201
-0.3261312137919318,-0.7842365928733912,-2.1142258568702905,-0.004556729432838942,-0.03892682351264467,-0.4404848354380753,-0.05757608203931738,0.11340162651340181,0.03542531173106064,-0.552026323812088,-0.19652845294611504,-0.005905053895177236,0.004545116832799215,-0.00843178877739828,-0.04421507685130649,1,EEG_DS_Struct_0201
0.5447043567517325,1.308092523262488,3.534876449393459,-0.01862112901168078,0.07026251381000187,0.680436596302127,0.1376085448324778,-0.19574495122498967,-0.17707095545530088,0.9221862521998376,0.3364414655833432,-0.005556906556188331,0.004644100889879424,-0.008733769009944804,-0.04778368055206698,1,EEG_DS_Struct_0201
0.10141502467251708,0.2442063644367729,0.6523537547661441,0.024928422435738132,0.01590713334791761,0.1619672683456475,0.009755764652326911,-0.03599189600162351,0.023747992085223154,0.18139793555702025,0.06254360625785248,0.00032216372974994785,-0.0034305490458628276,0.006192068894407685,0.028312462400046135,2,EEG_DS_Struct_0201
-0.26252694576128505,-0.630622654681964,-1.7041204845048146,0.008984574329034965,-0.03304305182398163,-0.3331815394840776,-0.06399122029571395,0.09232811313298463,0.0798289653364982,-0.4405741886340695,-0.16030741786265862,0.00135440690801383,-0.001115565962464665,0.002263720007599453,0.01177147399739883,2,EEG_DS_Struct_0201
-0.03162418760738834,-0.07594418775164358,-0.23576539602724675,0.13891716843325466,0.027732735354705818,0.10398561514811297,0.023344693344983205,0.0228966871200174,-0.0032103835316019667,-0.02985526305175775,-0.013070643586549052,0.004167280698540918,-0.0025586937306159843,0.007453372078383631,0.014050892372903709,2,EEG_DS_Struct_0201
0.0006744993605798242,0.0016458330275043204,0.006562380341928078,-0.011231584992877934,-0.0032210284990113855,-0.013557251008964436,-0.006387367723919217,-0.0031304485510496413,0.011328294872733959,0.0036803935914396678,0.000765937942259728,0.0006153912801111702,-2.2507408502364784e-05,-0.00035799751057326995,0.0040042367598972,2,EEG_DS_Struct_0201
0.6931407748311618,1.6654796080505503,4.4960386492321565,-0.009787214021002088,0.08638701841340353,0.8936068033065692,0.1521487218363507,-0.24656683644176755,-0.16196247900162708,1.1750701684319331,0.42432923172976944,0.0013830915708597357,-0.0011199492725157353,0.001414541575579704,0.010912015565737202,2,EEG_DS_Struct_0201
0.10338435061364443,0.23718563443881682,0.5212104313630886,0.38051185772916174,0.10188875421118301,-0.00524423470411248,0.03334019703770846,-0.14724620088315446,0.024103773165422643,-0.03343085420866443,-0.01938158742056099,-0.003862264394805055,-4.5194616685352165e-05,-0.0012976674035247468,0.0036705032675655573,0,EEG_DS_Struct_0202
-0.5126025503284661,-1.1986785645172149,-3.0058193504448982,-0.5782986178345222,-0.1979417244606025,0.24527436389847598,-0.05828017330265847,0.4856906787083062,0.029614526477262208,0.11632434926918848,0.05182471403819981,-0.007587446910856643,-0.0016542231253209635,6.546815255907321e-05,0.01962219609859241,0,EEG_DS_Struct_0202
0.00010569149583460204,-0.003533050908458828,-0.06955543323646733,0.21713405965181992,0.050873150456588356,0.034201740087683216,0.01657493225568562,-0.041367660297705305,0.02739079426926001,-0.00905909974329414,-0.0077585140070951355,-0.004519274576744713,-0.0004496254775595632,-0.0008237582580933829,0.0073835899057451875,0,EEG_DS_Struct_0202
-0.06422121623430237,-0.15344868276486537,-0.4355629373768969,0.10793823932390824,0.017603248336266607,0.053213604060681055,0.006081986827025146,0.024482314929645775,0.02632825150139932,0.007757609766412376,0.00031601959077644655,-0.005150143440412207,-0.0003094426881121719,-0.0015733491341768558,0.00784221548306097,0,EEG_DS_Struct_0202
1.0266007026038324,2.3894642764401968,5.811347670216053,1.804993510391802,0.5479803015867946,-0.38323237813724903,0.16708167841857088,-1.0939279897700274,0.02143151319177017,-0.258090139604584,-0.1262742602553908,0.0017831872937700626,0.0021280824635520747,-0.0027615267355500495,-0.018946569690133586,0,EEG_DS_Struct_0202
-0.25711186172713246,-0.593156648187552,-1.3528891517088395,-0.7731042142158523,-0.21212543721532395,0.03404598780246593,-0.06254050615841437,0.33222520949432094,-0.06304630514242958,0.07636773064391922,0.04364889560754128,0.0077440320965419095,-0.0007762257461198965,0.0029876911649615043,0.0049393469770475165,1,EEG_DS_Struct_0202
-0.7322976120306731,-1.7026835343845188,-4.105538507400763,-1.4143625903063544,-0.41900830197725414,0.241294232241664,-0.12116076558905466,0.8012635720745096,-0.05509219320773583,0.19144082423535141,0.09688109082166492,0.0004800958732026912,-9.433856498495384e-05,-4.6479045850746485e-05,-0.00044890702538655523,1,EEG_DS_Struct_0202
-0.11909904008988456,-0.27400398483949323,-0.6080057346553409,-0.4163591723860422,-0.11004872853529474,0.003222275475665739,-0.02556620867972612,0.16421438270789246,-0.05592098795196109,0.04209117321182822,0.025011647225251905,0.002434453392312883,0.001869661813610332,-0.0024030420277376266,-0.019592559754613544,1,EEG_DS_Struct_0202
-0.6655515105577388,-1.541257547021642,-3.6006577760839105,-1.7018735245120855,-0.47614000869984147,0.11869336583970289,-0.13269923875686043,0.7994668620071375,-0.1363005158919997,0.1773445941980795,0.10009516046231023,0.00804837333697603,0.002518988275571716,-0.002107220472218424,-0.02873188734368476,1,EEG_DS_Struct_0202
0.2833970438642471,0.6704021751501564,1.8170058312649096,-0.17219892141463616,-0.004895614916852824,-0.24569128099763574,0.0009782694262709206,-0.18197458258748248,-0.10915475601297282,-0.06080089507216903,-0.015145526043983271,0.01638210961402124,0.0011448916710024965,0.002521966792728847,-0.016390112941563367,1,EEG_DS_Struct_0202
0.26372071667776437,0.6112497248803107,1.4408439062026925,0.6264600048734738,0.17785910140110606,-0.06610942414869074,0.04936600074024282,-0.3103841553622269,0.04507054347386534,-0.0745462372373668,-0.040062504641522036,-0.002694547615447644,-0.00010541916385746479,-0.0005161394553067132,0.003439104797708358,2,EEG_DS_Struct_0202
-0.37117639278734854,-0.8687485599184362,-2.1945125786521045,-0.3611047171261252,-0.13054478442449513,0.19306236154056533,-0.04135336745948935,0.3424012428609691,0.040038625452747195,0.08101625690342226,0.03450115682734582,-0.006383881587759009,-0.001887327358018172,0.0012021710701945608,0.019808866497485138,2,EEG_DS_Struct_0202
0.4086335856210224,0.9494011824430802,2.2765948315755353,0.8351441489614846,0.24469591829786302,-0.12368039523483784,0.07143790124996617,-0.4551146768045686,0.03766135709584651,-0.10542565764387442,-0.05459899079952464,-0.001692620803379454,0.00033622607229660015,-0.0007334065910690333,-0.002285891941196976,2,EEG_DS_Struct_0202
0.1914118287709066,0.44461475388033767,1.0282131397754233,0.5369404159244349,0.1431800455205672,0.04534982883735815,0.016533441999977427,-0.22218373177204329,0.13754740932582593,-0.03317014385826126,-0.02929900145584818,-0.0032496705832655167,-0.0029707735286988294,0.006410589557100812,0.02082117697588771,2,EEG_DS_Struct_0202
0.44480626411055535,1.0331928253158962,2.4773256591632684,0.9081795209574325,0.26662408042290126,-0.14440004657845978,0.08020585199105108,-0.4975452653186216,0.030327964254126163,-0.11781951085787382,-0.05975829995666076,-0.0017324016931703787,0.0002947199783800444,-0.0009252976202772538,-0.001131071305277174,2,EEG_DS_Struct_0202
-0.19304028875439574,-0.47120894348793535,-1.3453401889861205,0.25879001459292705,0.04215706542450196,-0.3858787347638197,-0.011006360338874073,-0.09927582372715957,0.010455896108362481,0.09204656866586124,0.04084361205148336,-0.0013061156881224371,0.0008869035992528959,0.0010543594121883418,-0.01159041447176013,0,EEG_DS_Struct_0301
-0.22383119671454946,-0.5463181424850448,-1.5598580117669933,0.29988566704060016,0.04854214464422265,-0.44729466867139295,-0.014539502162420996,-0.11533289653931415,0.016615901116154453,0.10715308453990285,0.04730070050910014,-0.0014512183443416567,0.0006676710194271744,0.0018498343184786808,-0.0103300589037399,0,EEG_DS_Struct_0301
-0.1635609834470413,-0.39924320008039355,-1.140075028719198,0.2202965287342189,0.036005644380171065,-0.325462119746134,-0.009210207901432666,-0.08388560592889162,0.009705506569195015,0.0779176739500483,0.03449680818603731,-0.001351697152631798,0.0009220841419046668,0.0006442436702385661,-0.011736759495293311,0,EEG_DS_Struct_0301
0.44183898419387335,1.0778985569366741,3.0796439460525815,-0.5959873810465068,-0.09324978012023438,0.8736460483837686,0.04382717051582434,0.22801233228505036,-0.07113801094816105,-0.21421330104531874,-0.09218274351947853,-0.0007983259477587077,0.0032043632218506216,-0.01156979702817503,-0.02278213862160334,0,EEG_DS_Struct_0301
0.4303702740799129,1.0499236724585044,2.9997148296511496,-0.5805397432827577,-0.09088030479508924,0.8510057346382848,0.04246051291028318,0.22207234115221774,-0.06828668784673608,-0.20855190053967043,-0.08981646994187205,-0.0006224698682483452,0.0032060893834923374,-0.011228232250113894,-0.02339410346425952,0,EEG_DS_Struct_0301
-0.3540190029884791,-0.8632775728757015,-2.470115115989342,0.49205088946669495,0.07620119779172053,-0.677459891269686,-0.04075516682836772,-0.1798051774732401,0.07810592737564406,0.17117464406594948,0.07206737967518956,0.001970388929151542,-0.005179392781561851,0.013384583776128584,0.04401302044914135,1,EEG_DS_Struct_0301
-0.3155758118207094,-0.7696877997158028,-2.201546572193769,0.43651367673307234,0.06849288600078572,-0.6078848390900905,-0.032324880092180965,-0.16045890103316454,0.059204181021742006,0.15201641102104496,0.06468241380259969,0.000433340145344624,-0.003245391902238867,0.00953798185753933,0.02575530776872165,1,EEG_DS_Struct_0301
-0.23849387903278352,-0.5817263686372923,-1.6639442115926197,0.3305699646378475,0.05229766958981329,-0.4588082870060073,-0.022714319056052167,-0.1209848300106327,0.04088586145753177,0.11442528670072831,0.048937891584808775,-0.0002698573616800168,-0.00208091257896011,0.006496128328858524,0.015604471730563048,1,EEG_DS_Struct_0301
0.24528940109335093,0.5990230106619379,1.7076018068758307,-0.31850039632960825,-0.05288890877835023,0.5065147252054052,0.00953732829241621,0.12829688709958204,0.0029415180225417685,-0.11713530288666676,-0.05335568186523053,0.004225409803001985,-0.0030313048455495946,0.0020678401093059367,0.03464676892550547,1,EEG_DS_Struct_0301
0.20693744922718194,0.5050712426185482,1.4470294015404326,-0.3033662268663602,-0.052619541192146006,0.37770366163603925,0.0025982741876284057,0.09980231318720949,-0.006111109498628952,-0.0942033494931505,-0.04158477647617906,0.0056743850026424675,-0.002889925410176663,0.0029408372539304855,0.03176622142300192,1,EEG_DS_Struct_0301
-0.26437811741473577,-0.6452369227221646,-1.8418185503236975,0.3512430261957483,0.056297775587395474,-0.5320375497419481,-0.02000282198305845,-0.13720922181166026,0.02514533306505788,0.12750452153612124,0.05608336199769725,-0.0016824800657826366,0.00030679281392157224,0.003072407229216222,-0.008462462320800966,2,EEG_DS_Struct_0301
-0.25829368404328923,-0.6304051997066403,-1.7990562897733375,0.341141747125941,0.05456850939126792,-0.5226876894973823,-0.019858279503093358,-0.13454792824146808,0.024022294421361466,0.12484496167805441,0.05498517618764596,-0.0017042329965371217,0.0003029201811266036,0.0028923137209682205,-0.007950373027222526,2,EEG_DS_Struct_0301
-0.20361888998876715,-0.49700032631352253,-1.4181127806520382,0.2681984090342141,0.043087226168216995,-0.4133198473916972,-0.01475345714073116,-0.10617014472359367,0.01649523789193754,0.09831163625902306,0.043486344966159496,-0.0015755099860839286,0.0005478874396569333,0.0018460229750330555,-0.00971088986072417,2,EEG_DS_Struct_0301
0.4412917445955563,1.0765892026997301,3.0757510859644683,-0.594728626501523,-0.09313860795805218,0.8734989398017264,0.04307024287816395,0.22777744287702328,-0.06852434477729132,-0.21379771424946567,-0.09216674104466407,-0.0007609756500720321,0.0031617281309268266,-0.011372029813118875,-0.02279794163923638,2,EEG_DS_Struct_0301
0.44908400101318585,1.0955987906474878,3.130125679903474,-0.6055675495510134,-0.09487297613930772,0.8884645175174,0.0436714662209006,0.23170921289281227,-0.06951750397998123,-0.21749322020127182,-0.09377727612099225,-0.0007806408179016452,0.0032204875920243425,-0.011616493566923132,-0.023030648491323302,2,EEG_DS_Struct_0301
-0.13937627528141477,-0.3384430549972664,-1.0508892295931023,0.6050947684427233,0.13102750868152804,0.30361242621093565,0.1286037471035128,0.03901566642683264,-0.11489574158419776,-0.011438282638963047,-0.007189801803386786,0.003422114148345225,0.0003623722764607718,-4.389361665561797e-05,0.0049947593256021855,0,EEG_DS_Struct_0302
-0.14996919657552882,-0.36418140151936823,-1.1307311650558853,0.6508889630701193,0.14104203733228626,0.32627920416892253,0.13889345428921618,0.04197801910383641,-0.12522538056610505,-0.012432589111871471,-0.007667299746265299,0.003606292259200546,0.0004338069542714355,-0.00012791446751051036,0.004810075506058759,0,EEG_DS_Struct_0302
-0.09961434326301592,-0.24185271066310585,-0.7511433762070484,0.4328533634490828,0.09346977128181212,0.21781267267854437,0.09081015349250711,0.027889882745076273,-0.0791627504310073,-0.00796644660738809,-0.005257192814038285,0.002769959173358588,-2.1692072051159552e-05,0.00046004379461671963,0.0064798555202134275,0,EEG_DS_Struct_0302
0.2670624746408837,0.6488864303199962,2.01308741823464,-1.1556723487057647,-0.2528853321010797,-0.5737228784698357,-0.2574593482009251,-0.07475233603643124,0.24878137978755768,0.02386063409220878,0.012710042978780553,-0.0033281953953044367,-0.0039031624428380743,0.005707460473775414,0.022378465243987414,0,EEG_DS_Struct_0302
0.2859026755219662,0.6946759908025156,2.1550731702739405,-1.2369662336144063,-0.2707117325314959,-0.6137193012885915,-0.27614918459971644,-0.08002875107696007,0.2684457925725506,0.025726947377728564,0.013518175259497632,-0.003712536362679384,-0.004041234650053912,0.005886217797136421,0.022716987689377906,0,EEG_DS_Struct_0302
-0.22806567025799565,-0.5543270535803875,-1.7188516537166427,0.9849354009240907,0.21676451535281485,0.48573951564367596,0.2254975375316333,0.06384205027980211,-0.2279163962416037,-0.021467922453815895,-0.010274576264896501,0.0015815808700022954,0.004644240504583146,-0.007193315666839622,-0.03220297123939376,1,EEG_DS_Struct_0302
-0.2120477488147352,-0.5152938745862836,-1.5982652971639975,0.9166906484023699,0.2010492115909904,0.4536182286683951,0.20686712903224566,0.05935465416579142,-0.20497305380189407,-0.01951030983011194,-0.009796854813722361,0.002358450601472961,0.003378590976955853,-0.005044996355756383,-0.020783893500374788,1,EEG_DS_Struct_0302
-0.14843545586759252,-0.36068521385672025,-1.1188314773924046,0.641927998022069,0.1406378641357152,0.3180369292585113,0.14411686016220368,0.041538125557967896,-0.1417093694614845,-0.013546323224634641,-0.006905682794311082,0.001769505547814581,0.002141569227856798,-0.003134237132665436,-0.012575581346356479,1,EEG_DS_Struct_0302
0.16226955533413318,0.39377225241474795,1.2238212365043177,-0.7067197796793143,-0.15123533634422343,-0.3582911191864216,-0.14278401027223941,-0.04538309397639425,0.11767248891860536,0.01236482081944322,0.00885934830431074,-0.006350746302885626,0.0024072944455275393,-0.004893597604441361,-0.03247426113457275,1,EEG_DS_Struct_0302
0.18925949121854452,0.4592443212670363,1.4274302175672209,-0.8246853872168988,-0.17641346712434003,-0.41873819049639927,-0.1655936873451082,-0.05292823260840635,0.13345998639123074,0.014091657828906734,0.01049470007160088,-0.007149592043634801,0.002553644083188573,-0.005291396111639671,-0.03561859803078041,1,EEG_DS_Struct_0302
-0.17685414296829077,-0.4294314957343566,-1.333479311151624,0.7679389005364803,0.166232014810443,0.385534631567376,0.16277592385337758,0.04947599329700134,-0.14482614530004395,-0.014476704993785332,-0.00910711586313138,0.004240684698268336,0.00026407912124353693,0.0003024675321561235,0.0075721896131713115,2,EEG_DS_Struct_0302
-0.2090199026899027,-0.5075720245845072,-1.5759573844850938,0.907241631547686,0.19662005155491394,0.4548737150065369,0.19343724899216796,0.05847829446909039,-0.174005440596415,-0.01730480927850575,-0.010662756130832026,0.0047761539206550825,0.0005851804941397795,-0.00012546220803720572,0.006300721367792019,2,EEG_DS_Struct_0302
-0.14739606706389424,-0.3578598216426005,-1.1114206998372675,0.6404309022673786,0.13836592606228926,0.32217846737430555,0.13447807265076503,0.041224693466330904,-0.11763019279344064,-0.01186476668772279,-0.0076870702602870504,0.0037905461038660903,-0.0001379352549881629,0.0008855206353959584,0.009633563038744547,2,EEG_DS_Struct_0302
0.28006210132269177,0.6804457821886614,2.111130271528071,-1.2122945766040265,-0.26512498767383524,-0.6024172248715208,-0.26906797501404267,-0.07839939328892861,0.2577483654935597,0.02476102230333392,0.01347339855639745,-0.003547832118114439,-0.004129376379075905,0.006038120979528919,0.023456129250606545,2,EEG_DS_Struct_0302
0.32622250474382714,0.7926218741734022,2.4590272804935824,-1.4116642508512784,-0.3088380450309835,-0.7007970762452057,-0.3144259216740299,-0.09130557251692585,0.30423645760827445,0.02920307240410061,0.01549268531151963,-0.004226385100694972,-0.0045373772804198015,0.006574981943597097,0.025312558703392978,2,EEG_DS_Struct_0302
-0.1582006819925089,-0.3859692164724186,-1.1022274545293766,0.21094722915340716,0.032840004683742714,-0.3164186584683989,-0.015687137147036408,-0.08218972852229255,0.02314752781984807,0.0768490138632213,0.033294475025810635,0.0005117098677816221,-0.0013500021033325128,0.004403359410122765,0.010377739943229233,0,EEG_DS_Struct_0303
-0.2779075518857957,-0.6780355929758525,-1.9367236853223588,0.37303039196767673,0.05852134986108328,-0.552528901981609,-0.026199734657283244,-0.1437109864882131,0.03938764258044244,0.1345210376119376,0.05828317489622469,0.0003579995430797057,-0.001913659782302216,0.006937686493988531,0.013716234105556346,0,EEG_DS_Struct_0303
-0.1596737729222296,-0.3895667094856983,-1.112397198944527,0.21237990021769848,0.03299004330173401,-0.3201119682256377,-0.01597985355424426,-0.08307549707319263,0.023280494146836285,0.0776510009648079,0.03363037431641713,0.0006331562270316936,-0.001390530267193878,0.004426409701410484,0.011231720497062716,0,EEG_DS_Struct_0303
0.37507916612955167,0.9151571119136299,2.615220412355168,-0.5104455499444365,-0.08148035506229219,0.7363231113247029,0.03147715165871807,0.19208080196446628,-0.05020371286991498,-0.1803084270488853,-0.07803987074998169,0.0015752346298951213,0.0009269969553437994,-0.006346671008989115,-0.0027408119351124416,0,EEG_DS_Struct_0303
0.45293521918646396,1.1050952610113225,3.158135102749193,-0.6168161380295456,-0.09835249965679081,0.8884448613802338,0.038506905618862705,0.2319012864154653,-0.061918988861672325,-0.21776792536752815,-0.09419091506414064,0.0017527425619012038,0.0013536819161259531,-0.008101421973572354,-0.005286590196126395,0,EEG_DS_Struct_0303
-0.25461172688892963,-0.6212026553106095,-1.776231776716553,0.3517607626286256,0.05674684689983225,-0.4923329517234387,-0.02029143086947275,-0.12911854503080047,0.036158782856934246,0.12182489212654361,0.052411735478668384,-0.0020015405007658238,4.257224100688132e-05,0.003103122998811065,-0.004572261306769662,1,EEG_DS_Struct_0303
-0.36105815555120635,-0.8809431008879011,-2.5173565147122754,0.4908568543581696,0.07826835970304002,-0.7094612233906651,-0.030628961009244088,-0.18505588144005597,0.049022080135981666,0.17369394059839582,0.07518249594918994,-0.001389415750138944,-0.0009380114912035968,0.00638070077472861,0.0023088250905443242,1,EEG_DS_Struct_0303
-0.23478503957645194,-0.5729069860016205,-1.6365417959257453,0.31683800798671463,0.05061169819667018,-0.46498305698863757,-0.019058327822185653,-0.1208061027512657,0.02833769910759927,0.11299444290579191,0.04919676442695216,-0.0009985934445400969,-0.00031881841452671803,0.0037369657004111996,-0.0015870038011035874,1,EEG_DS_Struct_0303
0.2297887966880259,0.5605105943586429,1.6007982614938716,-0.30545168080401874,-0.04638033228147233,0.4602573779529188,0.026185678959200088,0.11982491547501448,-0.03897014853547964,-0.11208926920939555,-0.048426034137873615,-0.0031159303009281546,0.003916293014900578,-0.010262016032568797,-0.032276870913531104,1,EEG_DS_Struct_0303
0.31369514185814784,0.7653595821207789,2.184647717521689,-0.4130827602326443,-0.06362256918606472,0.634914034379106,0.031854169455837286,0.16420209496560037,-0.042580420675887326,-0.15274948729518908,-0.0667010532530598,-0.002531586216758464,0.003642068691936663,-0.010957562548416346,-0.027696635637327244,1,EEG_DS_Struct_0303
-0.1572900902851113,-0.38371410891397456,-1.0965948985369314,0.2135358944768383,0.03345492659129361,-0.30921632636692536,-0.014765209757649148,-0.08075793680808488,0.022685726500436897,0.07573057384365636,0.032801721630781724,0.0007215002285319541,-0.001602680902537339,0.004956514449613331,0.012062323210967452,2,EEG_DS_Struct_0303
-0.3880508209266729,-0.9467296943054201,-2.704992269514082,0.5246239583699407,0.08262083947963846,-0.7661679392053219,-0.03590666376284233,-0.1997733953944489,0.05575927459601203,0.1872925111494009,0.08106924812106914,0.00016450633493667011,-0.002664294076980322,0.009743441830284713,0.018183414757419754,2,EEG_DS_Struct_0303
-0.2168801679766901,-0.5291091833151694,-1.5114600485910832,0.291375850860986,0.04550278820637385,-0.43063725257457514,-0.02122673443146651,-0.11216337899340682,0.03256793678062943,0.10506038516558593,0.04546711524669832,0.0006771736825781598,-0.0018801231653258628,0.006290874309877772,0.01346368118776694,2,EEG_DS_Struct_0303
0.3618478350966518,0.8828763641470992,2.522808982512571,-0.4916424042683318,-0.07844547389515238,0.7114237836264417,0.030768003787065897,0.18553749331020017,-0.049288126732187174,-0.17417401070221689,-0.07532755676288776,0.0017574831513517033,0.0007846487359535458,-0.005832902585658758,-0.0019092616672632286,2,EEG_DS_Struct_0303
0.47511184904506654,1.1591783341155737,3.3129151661512695,-0.6479103167575869,-0.10327562684672076,0.9304951102662732,0.04095214353074444,0.24310486037578477,-0.06738576685084488,-0.2285286786049357,-0.09865167513156359,0.0018855599870238723,0.0013918586532323048,-0.00847850152648866,-0.005274503334346557,2,EEG_DS_Struct_0303
-0.2510771488065226,-0.6128547136035768,-1.748862854266614,0.33147588075530665,0.05305432320027317,-0.5091287466656611,-0.015888708732943225,-0.13041323089236606,0.0103692670867455,0.11997605599245073,0.05389643295734167,0.0001709091318482197,-0.0008343550220980695,0.005157875471043457,0.0014330459846387065,0,EEG_DS_Struct_1002
0.30240736117833744,0.7356228651114548,2.1414285678768237,-0.5905154577265388,-0.10137329894789013,0.33281303134457146,0.01865941133953502,0.11290059013349112,-0.12839148022419483,-0.12507714349273574,-0.0442822915953906,0.004049567541458166,0.007879036650672203,-0.01364920200307884,-0.07712515474500364,0,EEG_DS_Struct_1002
-0.34286277596288717,-0.8364945514659495,-2.3934847517492677,0.48162841242796894,0.0780506633271295,-0.6526262631231383,-0.02229755710099173,-0.17146278157434147,0.033430085430887074,0.16107017522016803,0.07041216730801396,-0.000618302199360847,-0.00225269034242742,0.008052811307724075,0.014837393103052496,0,EEG_DS_Struct_1002
0.23966923971371032,0.5826894382929153,1.7009946423887714,-0.4890589202736204,-0.0842378078860611,0.2326184969620662,0.01607749220631807,0.08474685492297426,-0.11750141460264936,-0.09725919319371022,-0.03275963924826206,0.0037642328083016463,0.0073936068275410076,-0.012031048244663826,-0.0738143243842558,0,EEG_DS_Struct_1002
0.12651327452898276,0.3070417144382852,0.9053665614830747,-0.29894690899761267,-0.05243834127852221,0.06300928956510184,0.008342471100659422,0.03531429278537406,-0.08642298688402829,-0.047145137347441184,-0.012926942436723123,0.0028006745024031967,0.005479308034061781,-0.008202159878438527,-0.05566069689965104,0,EEG_DS_Struct_1002
-0.3433833519734068,-0.8379966519196141,-2.399245842311215,0.49293229529475824,0.08330088494676535,-0.640915740790912,-0.010715716518989863,-0.1683433848543174,0.009419805380863684,0.15782366286044125,0.06974881579082641,-0.007191742967159345,0.0006001646521471365,-0.0010136273570280675,-0.0002017557603131765,1,EEG_DS_Struct_1002
0.21202590308656719,0.5143355766841633,1.5160887907741958,-0.49513901612747613,-0.0839617251023508,0.1116814353936472,0.0242394594660735,0.061320512209729144,-0.1692553466350653,-0.08188314007261613,-0.021871376017507795,-0.0016349951979921856,0.011464568973349729,-0.021692940061053823,-0.1043371763064896,1,EEG_DS_Struct_1002
-0.44034172345956796,-1.0739429475807212,-3.0821810170008015,0.6627988705263735,0.11068628349037316,-0.7748770719154041,-0.022129440091633135,-0.2094844165930213,0.052920724531219744,0.2010774631320419,0.0858209084883644,-0.005765480173375961,-0.0025731555669249533,0.006203616710852431,0.0260331277645227,1,EEG_DS_Struct_1002
0.417636790803035,1.0293918621005858,2.77964114621669,0.15625849984642948,0.04407681670306001,1.8889385910543501,0.009042885925224321,0.3791447369492226,0.4586888650186281,-0.2679393727854842,-0.16657935149235978,0.0002908164027309062,-0.031112108248510215,0.039616855038159274,0.3223061881061685,1,EEG_DS_Struct_1002
0.12655922703481295,0.3120389912222835,0.8358178187608581,0.08173580427797646,0.022668418859355485,0.6198305696167373,0.015311552257753294,0.12392020616002888,0.1248510152080734,-0.08781492115419477,-0.05344064532317843,-0.0041071639401007,-0.0087494925744099,0.00798440114241227,0.09803648809751936,1,EEG_DS_Struct_1002
-0.21288214089107144,-0.5195355465615349,-1.4814724748470836,0.2745162777592672,0.04277807271981312,-0.43978173375146706,-0.019752945665201728,-0.1127469046120632,0.023184757497469316,0.10405819827181673,0.04607655491710519,0.0002716358396814262,-0.0010438115922497399,0.0056431614729178,0.0014489518251762097,2,EEG_DS_Struct_1002
0.31699957292150405,0.771424143948538,2.2426149879693185,-0.6066043189009622,-0.10455358307148788,0.3682109607388314,0.014693656852708362,0.12066942071237564,-0.11268319730458576,-0.1311032492443526,-0.04794660991486254,0.0039618905313816965,0.007284707911841571,-0.012263417975847731,-0.07427137510624357,2,EEG_DS_Struct_1002
-0.5383439177963825,-1.3125024737577795,-3.7686157193262284,0.814277800975521,0.13315033506732216,-0.9383963074221353,-0.04003113910138485,-0.2563800943637838,0.10284346618046106,0.24835051409369938,0.10408432868736016,-0.0021925718317352383,-0.0061749939084657915,0.01654629087380248,0.04802523441899113,2,EEG_DS_Struct_1002
0.19867147228182863,0.48292725166310047,1.4113753433469676,-0.41271328031608323,-0.07120528807607998,0.18204861643857023,0.013367845929457297,0.06851691030914621,-0.10291744181012051,-0.08003630438041125,-0.0262474023602852,0.0028260975459856556,0.006025239503997739,-0.009867343009104336,-0.0610793800917773,2,EEG_DS_Struct_1002
0.18840821733937058,0.4578550414262332,1.3405348006753355,-0.4026459395378145,-0.0699957539567839,0.15657487255930944,0.011080732132420962,0.062297288712320195,-0.09853611887497563,-0.07409760789848167,-0.02398494976813702,0.0033744320069135016,0.0066139747065723006,-0.010485273494142583,-0.06563056600536925,2,EEG_DS_Struct_1002
-0.1443954382114376,-0.3505083818029984,-1.0889021436018738,0.6281659279907812,0.13532747195338807,0.3172419742438148,0.12966713642405953,0.04038326919864063,-0.10896007226103922,-0.011149277787753159,-0.007776892124232114,0.003958399398881293,-0.00038769611657866614,0.0013299407597481955,0.012115254503007208,0,EEG_DS_Struct_1003
0.26164924299540976,0.6356703923534275,1.9723581341225829,-1.1328275700877186,-0.2475090154053999,-0.5633251363192434,-0.2505264498423972,-0.07321046053410919,0.23939809229924247,0.02310852811838234,0.012567482750929235,-0.0035725584190114397,-0.003249460105648367,0.004571735606200663,0.016845351060577992,0,EEG_DS_Struct_1003
-0.34187185951734833,-0.8301160452384626,-2.5777484563718818,1.4847838894788399,0.3214649226762371,0.745863928039996,0.3141266366678102,0.09564071554226286,-0.27690759530289494,-0.027683559645836853,-0.01775155096746929,0.00772966073374123,0.0010162800919165237,-0.00026810117673359344,0.010040686603208577,0,EEG_DS_Struct_1003
0.16955311638136178,0.4120307558527236,1.2779806957215216,-0.7330986877576046,-0.16087495788131492,-0.3629253614304383,-0.16528746021747776,-0.04745319453705917,0.1625929945429927,0.015461727756175256,0.007890919237020544,-0.0015011585734420636,-0.0030451119701004194,0.004612746781538335,0.019928593207268076,0,EEG_DS_Struct_1003
0.1535762398783478,0.3732385226998612,1.1574999324127742,-0.6636161477349843,-0.14582898631823,-0.32788083157169506,-0.1507813550691746,-0.042977766731640867,0.15058129725074898,0.014262032614263426,0.007007975273819647,-0.0012190267668179201,-0.0028527505456968434,0.004352756446382983,0.01920855083526674,0,EEG_DS_Struct_1003
-0.2100063330729035,-0.5102823497457053,-1.5829812671312753,0.9085908949810046,0.1989942598993403,0.4507594603062853,0.20307213769385873,0.05879535041591087,-0.19678423296144026,-0.018806091390587303,-0.009982699024039823,0.0023839794509124632,0.0034424182387438104,-0.005140608222948398,-0.020889720293618415,1,EEG_DS_Struct_1003
0.20508413342045162,0.4979960314358478,1.5463026559862578,-0.8903751522232284,-0.192923310300872,-0.44674981254676294,-0.18925199498134054,-0.05735014692933932,0.16892880988181436,0.016854793936373583,0.010492950518711606,-0.004473874029865118,-0.0005367559693327071,3.471780686587217e-05,-0.006053249702222494,1,EEG_DS_Struct_1003
-0.3721533764224094,-0.9039019928310497,-2.8057171331822888,1.6137593452975423,0.3510511317195687,0.8065296827055545,0.3493063911900816,0.10413931201281074,-0.32089299416258854,-0.03145494136755067,-0.01864203315930419,0.006664564941212279,0.0031335538316320036,-0.003869485827132351,-0.008657542853675218,1,EEG_DS_Struct_1003
0.055228782298512476,0.13357874979687415,0.4171223440090707,-0.24478097387356126,-0.04954571000446162,-0.13098427900778958,-0.03616844324356224,-0.01537963280239679,0.00781990159425686,0.0020746486832187074,0.004097055616177192,-0.005186612918930173,0.004525501400882692,-0.008201075662475452,-0.04631445359283977,1,EEG_DS_Struct_1003
0.05979327299105485,0.1447714376353537,0.45139624714596127,-0.26361417822806515,-0.054373767818863626,-0.13881839738479423,-0.04336071230062032,-0.016664750793253625,0.018837074227160758,0.0029083553811891615,0.004086498708501742,-0.0043261426440805465,0.003448246151810566,-0.006337047589809154,-0.036199477345460036,1,EEG_DS_Struct_1003
-0.12413779194642456,-0.301481312367228,-0.935897761451004,0.5383786862675465,0.1169152445313546,0.2692315047317438,0.11602027969520103,0.034703154930629726,-0.10699478389747732,-0.010584365550957705,-0.006139609038278705,0.0025445725590559957,0.000367269489078246,-0.00010850885197889279,0.002768030444793432,2,EEG_DS_Struct_1003
0.23106261790030938,0.5614797438560402,1.7416827556085177,-0.9992772942384531,-0.2187738680827646,-0.49514429750933475,-0.22436531039887703,-0.0647984322239311,0.22008870807249553,0.020919643830901107,0.011001735712377392,-0.003674937093279262,-0.0037384590517590844,0.005652569003032661,0.020399615205704942,2,EEG_DS_Struct_1003
-0.24784911275285884,-0.6024883891446129,-1.8677523476559987,1.0687422443967376,0.23529716646106066,0.5245812805990303,0.24850544802224234,0.06940381699095148,-0.26287267503121314,-0.02469260475329737,-0.010516427448551892,0.003239704535639657,0.003618322209701538,-0.005452332274990666,-0.02185814958152132,2,EEG_DS_Struct_1003
0.17656522217877874,0.42909299492495767,1.3307845700648415,-0.7630402219371261,-0.16752226540322634,-0.3771636274590111,-0.17298752974395426,-0.049418017996551294,0.17268638656840637,0.01639107805781175,0.008073704273296548,-0.0017519150278834834,-0.002981211427555912,0.004494911527304074,0.019099393319321294,2,EEG_DS_Struct_1003
0.12790128387883218,0.3109198425767357,0.9638717743215023,-0.5517907623414017,-0.12169831602898144,-0.2712160873781275,-0.12796877389428182,-0.03581321653524183,0.13247908917512013,0.012390032116590398,0.005590889662278384,-0.0008146561464626358,-0.0027601462222936685,0.004327781667657805,0.019567118197663484,2,EEG_DS_Struct_1003
